learning_mode,model,file_name,file_path_x,UCE,OGE,UGE,NNE,DTE,MGE,total_hallucinations,file_path_y,reference_file,BLEU,METEOR,ROUGE-W,BERTScore-P,BERTScore-R,BERT-F1,sum,rank
fewshot,chatgpt,201301,fewshot/chatgpt/201301.txt,0,0,1,0,0,1,2,../generate_summray/fewshot/chatgpt/201301.txt,/home/david/Workspace/research/manuscripts/original_summary/sumamry_201301.txt,0.1524398294276873,0.3545637780981366,0.7288135543450158,0.8284111022949219,0.8693009614944458,0.8483635783195496,3.781892803979757,256
fewshot,llama,201301,fewshot/llama/201301.txt,0,0,5,0,1,6,12,../generate_summray/fewshot/llama/201301.txt,/home/david/Workspace/research/manuscripts/original_summary/sumamry_201301.txt,0.1998945413829286,0.306321258478857,0.7927927877931986,0.8248670101165771,0.8653602004051208,0.8446285724639893,3.833864370640672,244
fewshot,qwen,201301,fewshot/qwen/201301.txt,0,0,3,0,0,4,7,../generate_summray/fewshot/qwen/201301.txt,/home/david/Workspace/research/manuscripts/original_summary/sumamry_201301.txt,0.2254494990004749,0.2757729750845535,0.6851851801868999,0.8186898231506348,0.8455963134765625,0.8319255113601685,3.682619302259294,268
oneshot,chatgpt,201301,oneshot/chatgpt/201301.txt,0,0,6,0,1,9,16,../generate_summray/oneshot/chatgpt/201301.txt,/home/david/Workspace/research/manuscripts/original_summary/sumamry_201301.txt,0.1686474991065274,0.3432512477220748,0.761061942,0.8318195343017578,0.8753442764282227,0.8530271053314209,3.833151604796183,245
oneshot,llama,201301,oneshot/llama/201301.txt,1,0,9,5,2,31,48,../generate_summray/oneshot/llama/201301.txt,/home/david/Workspace/research/manuscripts/original_summary/sumamry_201301.txt,0.2024503585377622,0.2582934406965241,0.7543859599184365,0.8157392740249634,0.8444088101387024,0.8298264741897583,3.705104317506147,263
oneshot,qwen,201301,oneshot/qwen/201301.txt,0,0,6,2,1,21,30,../generate_summray/oneshot/qwen/201301.txt,/home/david/Workspace/research/manuscripts/original_summary/sumamry_201301.txt,0.1758926938964634,0.2735724933468461,0.7102803688357062,0.8189001083374023,0.8411402702331543,0.8298712372779846,3.649657171927557,269
zeroshot,chatgpt,201301,zeroshot/chatgpt/201301.txt,0,0,6,0,1,12,19,../generate_summray/zeroshot/chatgpt/201301.txt,/home/david/Workspace/research/manuscripts/original_summary/sumamry_201301.txt,0.2580006579786065,0.341060601,0.7636363586363637,0.8345752954483032,0.8754068613052368,0.8545036315917969,3.927183406211061,206
zeroshot,llama,201301,zeroshot/llama/201301.txt,1,0,10,7,2,39,59,../generate_summray/zeroshot/llama/201301.txt,/home/david/Workspace/research/manuscripts/original_summary/sumamry_201301.txt,0.2456625485879471,0.2422383191351065,0.7216494796258901,0.8313880562782288,0.8375882506370544,0.83447665,3.713003304025427,261
zeroshot,qwen,201301,zeroshot/qwen/201301.txt,0,0,8,2,1,23,34,../generate_summray/zeroshot/qwen/201301.txt,/home/david/Workspace/research/manuscripts/original_summary/sumamry_201301.txt,0.3302276156677516,0.2567144767387654,0.6732673217723754,0.8419320583343506,0.8464399576187134,0.8441799879074097,3.792761418039366,253
fewshot,chatgpt,201302,fewshot/chatgpt/201302.txt,0,0,3,0,0,1,4,../generate_summray/fewshot/chatgpt/201302.txt,/home/david/Workspace/research/manuscripts/original_summary/sumamry_201302.txt,0.2062068139920867,0.3534338112900863,0.8316831633212431,0.8412246704101562,0.8652331829071045,0.8530600666999817,3.950841708620658,194
fewshot,llama,201302,fewshot/llama/201302.txt,0,0,4,1,2,10,17,../generate_summray/fewshot/llama/201302.txt,/home/david/Workspace/research/manuscripts/original_summary/sumamry_201302.txt,0.408516656180189,0.3535745807590467,0.7599999950020001,0.8589171767234802,0.8740609288215637,0.8664228916168213,4.121492229103101,99
fewshot,qwen,201302,fewshot/qwen/201302.txt,0,0,3,1,1,6,11,../generate_summray/fewshot/qwen/201302.txt,/home/david/Workspace/research/manuscripts/original_summary/sumamry_201302.txt,0.3732205711766021,0.2373045567399009,0.7722772227271836,0.8305450677871704,0.8424564599990845,0.8364583253860474,3.892262203815989,227
oneshot,chatgpt,201302,oneshot/chatgpt/201302.txt,0,0,4,1,2,11,18,../generate_summray/oneshot/chatgpt/201302.txt,/home/david/Workspace/research/manuscripts/original_summary/sumamry_201302.txt,0.2704571738606868,0.3764353935706392,0.7999999950222222,0.8560020327568054,0.8840567469596863,0.86980325,4.056754592006008,132
oneshot,llama,201302,oneshot/llama/201302.txt,0,0,7,3,5,23,38,../generate_summray/oneshot/llama/201302.txt,/home/david/Workspace/research/manuscripts/original_summary/sumamry_201302.txt,0.3227028709752305,0.3272893994804631,0.6597938094335211,0.8387529850006104,0.857258677,0.8479049205780029,3.853702662950433,238
oneshot,qwen,201302,oneshot/qwen/201302.txt,0,0,6,3,3,17,29,../generate_summray/oneshot/qwen/201302.txt,/home/david/Workspace/research/manuscripts/original_summary/sumamry_201302.txt,0.3380484689380419,0.3233544292537902,0.8041237063407376,0.8449753522872925,0.8649880886077881,0.8548645973205566,4.030354642748207,151
zeroshot,chatgpt,201302,zeroshot/chatgpt/201302.txt,0,0,4,1,2,13,20,../generate_summray/zeroshot/chatgpt/201302.txt,/home/david/Workspace/research/manuscripts/original_summary/sumamry_201302.txt,0.4157473134392841,0.3527255294263122,0.7628865929386759,0.8623971939086914,0.8774401545524597,0.8698536157608032,4.141050400026226,91
zeroshot,llama,201302,zeroshot/llama/201302.txt,0,0,8,3,6,26,43,../generate_summray/zeroshot/llama/201302.txt,/home/david/Workspace/research/manuscripts/original_summary/sumamry_201302.txt,0.4141347815790419,0.3039074068219064,0.6966292085342761,0.8551558256149292,0.8583592176437378,0.8567545413970947,3.984940981590986,174
zeroshot,qwen,201302,zeroshot/qwen/201302.txt,0,0,7,3,4,17,31,../generate_summray/zeroshot/qwen/201302.txt,/home/david/Workspace/research/manuscripts/original_summary/sumamry_201302.txt,0.4469149849108624,0.288251763389355,0.742268036,0.862498403,0.8663364052772522,0.8644131422042847,4.070682735,127
fewshot,chatgpt,201309,fewshot/chatgpt/201309.txt,0,0,1,0,0,6,7,../generate_summray/fewshot/chatgpt/201309.txt,/home/david/Workspace/research/manuscripts/original_summary/sumamry_201309.txt,0.2893119451618956,0.429077239506588,0.8247422630460198,0.8557881116867065,0.8844246864318848,0.8698707222938538,4.153214968126949,80
fewshot,llama,201309,fewshot/llama/201309.txt,0,0,1,0,1,13,15,../generate_summray/fewshot/llama/201309.txt,/home/david/Workspace/research/manuscripts/original_summary/sumamry_201309.txt,0.3280037158198695,0.2408163265306122,0.7474747424875013,0.8269965648651123,0.8333081603050232,0.8301403522491455,3.806739862257264,251
fewshot,qwen,201309,fewshot/qwen/201309.txt,0,0,1,0,1,10,12,../generate_summray/fewshot/qwen/201309.txt,/home/david/Workspace/research/manuscripts/original_summary/sumamry_201309.txt,0.4037780173581827,0.2567199851082014,0.7499999950021702,0.8355205655097961,0.836677074,0.8360984921455383,3.918794129556262,212
oneshot,chatgpt,201309,oneshot/chatgpt/201309.txt,0,0,1,0,1,15,17,../generate_summray/oneshot/chatgpt/201309.txt,/home/david/Workspace/research/manuscripts/original_summary/sumamry_201309.txt,0.298089425,0.4409286490004743,0.7692307642769971,0.8542855978012085,0.8840312957763672,0.8689039945602417,4.115469726541991,100
oneshot,llama,201309,oneshot/llama/201309.txt,1,0,4,0,2,28,35,../generate_summray/oneshot/llama/201309.txt,/home/david/Workspace/research/manuscripts/original_summary/sumamry_201309.txt,0.3667757654387604,0.2756195467655542,0.7912087862142254,0.833914042,0.8442876935005188,0.8390688300132751,3.950874663451499,193
oneshot,qwen,201309,oneshot/qwen/201309.txt,0,0,2,0,1,21,24,../generate_summray/oneshot/qwen/201309.txt,/home/david/Workspace/research/manuscripts/original_summary/sumamry_201309.txt,0.4097271846308423,0.4777736205275007,0.857142852,0.8644565939903259,0.8906927704811096,0.8773785829544067,4.377171604735373,18
zeroshot,chatgpt,201309,zeroshot/chatgpt/201309.txt,0,0,2,0,1,17,20,../generate_summray/zeroshot/chatgpt/201309.txt,/home/david/Workspace/research/manuscripts/original_summary/sumamry_201309.txt,0.4606666515602105,0.4387515494671066,0.8247422630460198,0.8610785603523254,0.8896383047103882,0.8751254677772522,4.350002796913302,27
zeroshot,llama,201309,zeroshot/llama/201309.txt,1,0,6,0,2,33,42,../generate_summray/zeroshot/llama/201309.txt,/home/david/Workspace/research/manuscripts/original_summary/sumamry_201309.txt,0.4406203391516028,0.2828450909090909,0.8222222172320989,0.849811316,0.8465999960899353,0.8482025861740112,4.090301545093238,109
zeroshot,qwen,201309,zeroshot/qwen/201309.txt,0,0,4,0,1,23,28,../generate_summray/zeroshot/qwen/201309.txt,/home/david/Workspace/research/manuscripts/original_summary/sumamry_201309.txt,0.4887015030522766,0.4090970042133739,0.799999995,0.861918569,0.8810158371925354,0.8713625073432922,4.312095415413177,32
fewshot,chatgpt,201401,fewshot/chatgpt/201401.txt,0,0,1,0,0,2,3,../generate_summray/fewshot/chatgpt/201401.txt,/home/david/Workspace/research/manuscripts/original_summary/sumamry_201401.txt,0.3990352299836006,0.4490676284352421,0.7833333283458335,0.8621771931648254,0.8730366826057434,0.8675729632377625,4.234223025773008,53
fewshot,llama,201401,fewshot/llama/201401.txt,0,0,2,1,0,15,18,../generate_summray/fewshot/llama/201401.txt,/home/david/Workspace/research/manuscripts/original_summary/sumamry_201401.txt,0.3719089967140779,0.2798462503683405,0.7256637118145508,0.8443896770477295,0.8436275720596313,0.8440084457397461,3.909444653744076,217
fewshot,qwen,201401,fewshot/qwen/201401.txt,0,0,2,1,0,8,11,../generate_summray/fewshot/qwen/201401.txt,/home/david/Workspace/research/manuscripts/original_summary/sumamry_201401.txt,0.4734359450277409,0.2389285343830798,0.678571424,0.8467823266983032,0.8323341608047485,0.8394960761070251,3.909548466593921,216
oneshot,chatgpt,201401,oneshot/chatgpt/201401.txt,0,0,2,1,0,19,22,../generate_summray/oneshot/chatgpt/201401.txt,/home/david/Workspace/research/manuscripts/original_summary/sumamry_201401.txt,0.4118647197591989,0.4328917069507949,0.6949152492430336,0.8674591779708862,0.8829517364501953,0.8751368522644043,4.165219442638513,77
oneshot,llama,201401,oneshot/llama/201401.txt,0,2,6,1,0,32,41,../generate_summray/oneshot/llama/201401.txt,/home/david/Workspace/research/manuscripts/original_summary/sumamry_201401.txt,0.4572660000780764,0.2967190396137595,0.7706421968453835,0.8568791151046753,0.8528224229812622,0.8548459410667419,4.089174715689899,111
oneshot,qwen,201401,oneshot/qwen/201401.txt,0,1,3,1,0,28,33,../generate_summray/oneshot/qwen/201401.txt,/home/david/Workspace/research/manuscripts/original_summary/sumamry_201401.txt,0.4517377155546641,0.3672284862801109,0.7027026977063551,0.8539474010467529,0.8556081056594849,0.8547769784927368,4.086001384740104,115
zeroshot,chatgpt,201401,zeroshot/chatgpt/201401.txt,0,1,2,1,0,20,24,../generate_summray/zeroshot/chatgpt/201401.txt,/home/david/Workspace/research/manuscripts/original_summary/sumamry_201401.txt,0.5121902800244318,0.4013314275072348,0.7333333283458334,0.865576982,0.877375603,0.871436357,4.2612439785960055,42
zeroshot,llama,201401,zeroshot/llama/201401.txt,0,2,6,4,0,36,48,../generate_summray/zeroshot/llama/201401.txt,/home/david/Workspace/research/manuscripts/original_summary/sumamry_201401.txt,0.4238503171345303,0.2184978087259801,0.7346938726842982,0.8607646226882935,0.8288780450820923,0.8445204496383667,3.9112051159535617,215
zeroshot,qwen,201401,zeroshot/qwen/201401.txt,0,1,4,1,0,31,37,../generate_summray/zeroshot/qwen/201401.txt,/home/david/Workspace/research/manuscripts/original_summary/sumamry_201401.txt,0.4544173029281169,0.187126201051449,0.6666666617034015,0.8434786200523376,0.8215956687927246,0.8323933482170105,3.805677803,252
fewshot,chatgpt,201407,fewshot/chatgpt/201407.txt,0,0,1,0,0,4,5,../generate_summray/fewshot/chatgpt/201407.txt,/home/david/Workspace/research/manuscripts/original_summary/sumamry_201407.txt,0.6708794288766703,0.3366333991754727,0.8076923026941568,0.8682698011398315,0.8666516542434692,0.8674600124359131,4.417586598565514,8
fewshot,llama,201407,fewshot/llama/201407.txt,0,0,1,0,1,8,10,../generate_summray/fewshot/llama/201407.txt,/home/david/Workspace/research/manuscripts/original_summary/sumamry_201407.txt,0.4913618078598866,0.192864008972117,0.7551020358246564,0.8406834006309509,0.8270416855812073,0.8338066935539246,3.9408596324227423,199
fewshot,qwen,201407,fewshot/qwen/201407.txt,0,0,1,0,0,5,6,../generate_summray/fewshot/qwen/201407.txt,/home/david/Workspace/research/manuscripts/original_summary/sumamry_201407.txt,0.6434382333354904,0.2862785652395684,0.7959183623552686,0.8583921194076538,0.853415847,0.8558967709541321,4.293339898116759,35
oneshot,chatgpt,201407,oneshot/chatgpt/201407.txt,0,0,2,0,1,8,11,../generate_summray/oneshot/chatgpt/201407.txt,/home/david/Workspace/research/manuscripts/original_summary/sumamry_201407.txt,0.5005943585318965,0.384670296091705,0.7636363586628099,0.8621140718460083,0.8590390682220459,0.8605738282203674,4.230627981574833,54
oneshot,llama,201407,oneshot/llama/201407.txt,0,0,5,2,3,22,32,../generate_summray/oneshot/llama/201407.txt,/home/david/Workspace/research/manuscripts/original_summary/sumamry_201407.txt,0.5596503825437054,0.2693224295432891,0.6734693827634319,0.8570871949195862,0.8424800634384155,0.849720836,4.051730288894158,136
oneshot,qwen,201407,oneshot/qwen/201407.txt,0,0,3,0,1,16,20,../generate_summray/oneshot/qwen/201407.txt,/home/david/Workspace/research/manuscripts/original_summary/sumamry_201407.txt,0.6439113606571539,0.3063930292023809,0.8124999950195313,0.8580955266952515,0.8578082323074341,0.8579518795013428,4.336660023383095,29
zeroshot,chatgpt,201407,zeroshot/chatgpt/201407.txt,0,0,3,0,1,8,12,../generate_summray/zeroshot/chatgpt/201407.txt,/home/david/Workspace/research/manuscripts/original_summary/sumamry_201407.txt,0.4932898248877397,0.2555050287612814,0.7199999950020002,0.8648008108139038,0.8525875806808472,0.858650804,4.044834043711751,142
zeroshot,llama,201407,zeroshot/llama/201407.txt,0,0,6,2,4,26,38,../generate_summray/zeroshot/llama/201407.txt,/home/david/Workspace/research/manuscripts/original_summary/sumamry_201407.txt,0.5596690184378307,0.2637698759227843,0.791666662,0.8421111106872559,0.8354957103729248,0.8387903571128845,4.131502734219878,94
zeroshot,qwen,201407,zeroshot/qwen/201407.txt,0,0,4,1,2,19,26,../generate_summray/zeroshot/qwen/201407.txt,/home/david/Workspace/research/manuscripts/original_summary/sumamry_201407.txt,0.367041351,0.2178010018166304,0.729166662,0.858757734,0.8390439748764038,0.8487864136695862,3.860597136983832,235
fewshot,chatgpt,201409,fewshot/chatgpt/201409.txt,0,0,2,0,0,0,2,../generate_summray/fewshot/chatgpt/201409.txt,/home/david/Workspace/research/manuscripts/original_summary/sumamry_201409.txt,0.5891316099625904,0.3581650628542668,0.8113207497330012,0.8626694083213806,0.8658505082130432,0.8642570376396179,4.351394377,26
fewshot,llama,201409,fewshot/llama/201409.txt,0,0,3,1,0,9,13,../generate_summray/fewshot/llama/201409.txt,/home/david/Workspace/research/manuscripts/original_summary/sumamry_201409.txt,0.4617421591748375,0.2297020338231552,0.7843137204921184,0.8478840589523315,0.8308451175689697,0.8392781019210815,3.993765191932494,169
fewshot,qwen,201409,fewshot/qwen/201409.txt,0,0,2,1,0,5,8,../generate_summray/fewshot/qwen/201409.txt,/home/david/Workspace/research/manuscripts/original_summary/sumamry_201409.txt,0.5374381840618055,0.1897559647120264,0.699999995,0.829302192,0.8177033066749573,0.8234618306159973,3.8976614727991006,223
oneshot,chatgpt,201409,oneshot/chatgpt/201409.txt,0,1,3,1,0,11,16,../generate_summray/oneshot/chatgpt/201409.txt,/home/david/Workspace/research/manuscripts/original_summary/sumamry_201409.txt,0.5487789787877794,0.3741434619933525,0.8785046679185956,0.8711066246032715,0.8680620789527893,0.8695816993713379,4.4101775116271265,12
oneshot,llama,201409,oneshot/llama/201409.txt,0,1,4,2,3,37,47,../generate_summray/oneshot/llama/201409.txt,/home/david/Workspace/research/manuscripts/original_summary/sumamry_201409.txt,0.6189476828727832,0.2610218667016014,0.7572815484023001,0.8455744981765747,0.8409045934677124,0.843233049,4.166963238536835,76
oneshot,qwen,201409,oneshot/qwen/201409.txt,0,1,3,2,1,20,27,../generate_summray/oneshot/qwen/201409.txt,/home/david/Workspace/research/manuscripts/original_summary/sumamry_201409.txt,0.6089313993168222,0.2803691960420572,0.799999995,0.8392775654792786,0.8393753170967102,0.8393263816833496,4.207279854629556,65
zeroshot,chatgpt,201409,zeroshot/chatgpt/201409.txt,0,1,3,1,0,12,17,../generate_summray/zeroshot/chatgpt/201409.txt,/home/david/Workspace/research/manuscripts/original_summary/sumamry_201409.txt,0.4810622590298749,0.2376785403730249,0.7142857092877968,0.8628274202346802,0.8534108400344849,0.858093262,4.007358030678612,160
zeroshot,llama,201409,zeroshot/llama/201409.txt,0,1,4,2,4,49,60,../generate_summray/zeroshot/llama/201409.txt,/home/david/Workspace/research/manuscripts/original_summary/sumamry_201409.txt,0.646113695,0.3013459926370993,0.719999995,0.8484578132629395,0.837767482,0.8430787324905396,4.196763709698899,70
zeroshot,qwen,201409,zeroshot/qwen/201409.txt,0,1,3,2,2,28,36,../generate_summray/zeroshot/qwen/201409.txt,/home/david/Workspace/research/manuscripts/original_summary/sumamry_201409.txt,0.3941387283731525,0.1788991327935287,0.7826086906899812,0.8507285118103027,0.8229411840438843,0.8366041779518127,3.865920425662662,234
fewshot,chatgpt,201502,fewshot/chatgpt/201502.txt,0,0,0,0,0,3,3,../generate_summray/fewshot/chatgpt/201502.txt,/home/david/Workspace/research/manuscripts/original_summary/sumamry_201502.txt,0.3001467114976427,0.4038350148414882,0.8421052581825177,0.8616796135902405,0.8689045906066895,0.8652770519256592,4.141948240644238,90
fewshot,llama,201502,fewshot/llama/201502.txt,0,0,0,2,2,9,13,../generate_summray/fewshot/llama/201502.txt,/home/david/Workspace/research/manuscripts/original_summary/sumamry_201502.txt,0.3896495501951453,0.2600707973063124,0.6788990775725949,0.8425247669219971,0.8298203945159912,0.8361243605613708,3.837088947073412,241
fewshot,qwen,201502,fewshot/qwen/201502.txt,0,0,0,1,1,5,7,../generate_summray/fewshot/qwen/201502.txt,/home/david/Workspace/research/manuscripts/original_summary/sumamry_201502.txt,0.3617099483162563,0.3086154689601954,0.7207207157308662,0.8388640284538269,0.8375321626663208,0.838197649,3.905639972652704,219
oneshot,chatgpt,201502,oneshot/chatgpt/201502.txt,0,0,0,2,2,10,14,../generate_summray/oneshot/chatgpt/201502.txt,/home/david/Workspace/research/manuscripts/original_summary/sumamry_201502.txt,0.2691171810629673,0.4012287933012666,0.8181818131884299,0.855647624,0.8663485646247864,0.860964835,4.071488810406515,125
oneshot,llama,201502,oneshot/llama/201502.txt,2,0,4,3,4,15,28,../generate_summray/oneshot/llama/201502.txt,/home/david/Workspace/research/manuscripts/original_summary/sumamry_201502.txt,0.4413233922476176,0.3388661538355348,0.7254901910861209,0.8657824993133545,0.8548529744148254,0.8602830171585083,4.086598228055961,113
oneshot,qwen,201502,oneshot/qwen/201502.txt,2,0,2,2,3,12,21,../generate_summray/oneshot/qwen/201502.txt,/home/david/Workspace/research/manuscripts/original_summary/sumamry_201502.txt,0.4105986336083956,0.3428219170342508,0.7339449491322281,0.8551117181777954,0.8552244901657104,0.8551680445671082,4.052869752685488,134
zeroshot,chatgpt,201502,zeroshot/chatgpt/201502.txt,0,0,0,2,3,10,15,../generate_summray/zeroshot/chatgpt/201502.txt,/home/david/Workspace/research/manuscripts/original_summary/sumamry_201502.txt,0.4608863784151588,0.3927050405435113,0.8431372499096502,0.8655655384063721,0.8587849736213684,0.8621619343757629,4.2832411152718235,39
zeroshot,llama,201502,zeroshot/llama/201502.txt,2,0,6,3,5,17,33,../generate_summray/zeroshot/llama/201502.txt,/home/david/Workspace/research/manuscripts/original_summary/sumamry_201502.txt,0.3762304871185237,0.3085908653749584,0.7499999950018491,0.8471223711967468,0.8408164978027344,0.8439576625823975,3.9667178790772097,184
zeroshot,qwen,201502,zeroshot/qwen/201502.txt,2,0,3,3,4,14,26,../generate_summray/zeroshot/qwen/201502.txt,/home/david/Workspace/research/manuscripts/original_summary/sumamry_201502.txt,0.461489244,0.30121539883987,0.7070707020957046,0.8530973196029663,0.8367189764976501,0.8448287844657898,4.004420425460898,162
fewshot,chatgpt,201505,fewshot/chatgpt/201505.txt,0,0,1,0,0,2,3,../generate_summray/fewshot/chatgpt/201505.txt,/home/david/Workspace/research/manuscripts/original_summary/sumamry_201505.txt,0.331972975673851,0.4245966594952016,0.8288288238292347,0.8581604957580566,0.8776388764381409,0.8677904009819031,4.188988232176388,72
fewshot,llama,201505,fewshot/llama/201505.txt,0,0,4,2,0,8,14,../generate_summray/fewshot/llama/201505.txt,/home/david/Workspace/research/manuscripts/original_summary/sumamry_201505.txt,0.4269157953163224,0.2475132196612221,0.6666666616974242,0.8432483673095703,0.8327742218971252,0.8379786014556885,3.8550968673373527,237
fewshot,qwen,201505,fewshot/qwen/201505.txt,0,0,3,1,0,3,7,../generate_summray/fewshot/qwen/201505.txt,/home/david/Workspace/research/manuscripts/original_summary/sumamry_201505.txt,0.4112413311810762,0.2543690827814137,0.5904761854875283,0.8370189666748047,0.8342607021331787,0.8356375694274902,3.763003837685492,258
oneshot,chatgpt,201505,oneshot/chatgpt/201505.txt,0,0,4,2,1,9,16,../generate_summray/oneshot/chatgpt/201505.txt,/home/david/Workspace/research/manuscripts/original_summary/sumamry_201505.txt,0.3213622711280215,0.3786164118675568,0.761061942,0.8502440452575684,0.8649948835372925,0.8575560450553894,4.033835598752008,149
oneshot,llama,201505,oneshot/llama/201505.txt,0,0,6,3,5,24,38,../generate_summray/oneshot/llama/201505.txt,/home/david/Workspace/research/manuscripts/original_summary/sumamry_201505.txt,0.3893462815565665,0.2965511245926761,0.7599999950499999,0.844372034,0.8435469269752502,0.8439593315124512,3.977775694,179
oneshot,qwen,201505,oneshot/qwen/201505.txt,0,0,5,3,3,16,27,../generate_summray/oneshot/qwen/201505.txt,/home/david/Workspace/research/manuscripts/original_summary/sumamry_201505.txt,0.3835632578033387,0.3309702454186663,0.6915887800506595,0.838549018,0.844700813,0.8416137099266052,3.930985824398916,204
zeroshot,chatgpt,201505,zeroshot/chatgpt/201505.txt,0,0,5,2,2,10,19,../generate_summray/zeroshot/chatgpt/201505.txt,/home/david/Workspace/research/manuscripts/original_summary/sumamry_201505.txt,0.5219896553424633,0.3164106629957802,0.7115384565551037,0.8664880990982056,0.8717325925827026,0.8691024780273438,4.157261944601599,78
zeroshot,llama,201505,zeroshot/llama/201505.txt,0,0,7,4,6,25,42,../generate_summray/zeroshot/llama/201505.txt,/home/david/Workspace/research/manuscripts/original_summary/sumamry_201505.txt,0.5134363518546733,0.321566531346212,0.8235294067954634,0.8652788400650024,0.8555824160575867,0.860403299,4.239796845450603,49
zeroshot,qwen,201505,zeroshot/qwen/201505.txt,0,0,5,3,4,21,33,../generate_summray/zeroshot/qwen/201505.txt,/home/david/Workspace/research/manuscripts/original_summary/sumamry_201505.txt,0.5445023128253178,0.246530638304559,0.7070707021324355,0.8580886125564575,0.8474719524383545,0.8527472615242004,4.056411479781325,133
fewshot,chatgpt,201508,fewshot/chatgpt/201508.txt,0,0,1,0,0,2,3,../generate_summray/fewshot/chatgpt/201508.txt,/home/david/Workspace/research/manuscripts/original_summary/sumamry_201508.txt,0.5112160910156112,0.3544801126809924,0.7207207157211267,0.8647618889808655,0.8607136011123657,0.862733006,4.174625415988317,75
fewshot,llama,201508,fewshot/llama/201508.txt,0,0,2,1,0,6,9,../generate_summray/fewshot/llama/201508.txt,/home/david/Workspace/research/manuscripts/original_summary/sumamry_201508.txt,0.5923346180149622,0.2692187582373653,0.6930693019703951,0.8429883718490601,0.8278989195823669,0.8353755474090576,4.060885517063207,129
fewshot,qwen,201508,fewshot/qwen/201508.txt,0,0,2,0,0,3,5,../generate_summray/fewshot/qwen/201508.txt,/home/david/Workspace/research/manuscripts/original_summary/sumamry_201508.txt,0.515749799,0.2210201443238801,0.660377353,0.8473368883132935,0.8324801325798035,0.8398427963256836,3.916807114413891,214
oneshot,chatgpt,201508,oneshot/chatgpt/201508.txt,0,0,3,1,0,7,11,../generate_summray/oneshot/chatgpt/201508.txt,/home/david/Workspace/research/manuscripts/original_summary/sumamry_201508.txt,0.4624064506100294,0.3657804184878777,0.6486486436490545,0.8682677149772644,0.864691436,0.8664759397506714,4.076270603765638,122
oneshot,llama,201508,oneshot/llama/201508.txt,0,0,10,3,1,16,30,../generate_summray/oneshot/llama/201508.txt,/home/david/Workspace/research/manuscripts/original_summary/sumamry_201508.txt,0.587895721,0.2618185267042898,0.6391752528217665,0.8500784635543823,0.8328869938850403,0.8413949012756348,4.013249858853719,159
oneshot,qwen,201508,oneshot/qwen/201508.txt,0,0,7,3,0,12,22,../generate_summray/oneshot/qwen/201508.txt,/home/david/Workspace/research/manuscripts/original_summary/sumamry_201508.txt,0.5667886802198988,0.2647465942684691,0.7115384565551037,0.8506670594215393,0.8390765190124512,0.8448320627212524,4.077649372198715,121
zeroshot,chatgpt,201508,zeroshot/chatgpt/201508.txt,0,0,5,1,0,7,13,../generate_summray/zeroshot/chatgpt/201508.txt,/home/david/Workspace/research/manuscripts/original_summary/sumamry_201508.txt,0.5343095048467019,0.2496823668597841,0.6534653415743555,0.8635241985321045,0.8497000932693481,0.8565563559532166,4.007237861,161
zeroshot,llama,201508,zeroshot/llama/201508.txt,0,0,10,3,2,22,37,../generate_summray/zeroshot/llama/201508.txt,/home/david/Workspace/research/manuscripts/original_summary/sumamry_201508.txt,0.5162800876142569,0.2185231030779945,0.679999995,0.8506174087524414,0.8299927711486816,0.8401785492897034,3.935591914933078,200
zeroshot,qwen,201508,zeroshot/qwen/201508.txt,0,0,9,3,0,12,24,../generate_summray/zeroshot/qwen/201508.txt,/home/david/Workspace/research/manuscripts/original_summary/sumamry_201508.txt,0.3145545791107754,0.1554284261457195,0.6804123662238283,0.8432502150535583,0.8164784908294678,0.8296483755111694,3.639772452874519,270
fewshot,chatgpt,201603,fewshot/chatgpt/201603.txt,0,0,0,0,1,4,5,../generate_summray/fewshot/chatgpt/201603.txt,/home/david/Workspace/research/manuscripts/original_summary/sumamry_201603.txt,0.4444658074342036,0.4173179035514949,0.7889908206884944,0.8504253029823303,0.8577574491500854,0.8540756106376648,4.213032894444273,59
fewshot,llama,201603,fewshot/llama/201603.txt,0,0,0,0,0,4,4,../generate_summray/fewshot/llama/201603.txt,/home/david/Workspace/research/manuscripts/original_summary/sumamry_201603.txt,0.5551382007009799,0.2381934586803613,0.7254901910957325,0.8519152998924255,0.827475369,0.8395175337791443,4.0377300531252365,147
fewshot,qwen,201603,fewshot/qwen/201603.txt,0,0,1,0,2,5,8,../generate_summray/fewshot/qwen/201603.txt,/home/david/Workspace/research/manuscripts/original_summary/sumamry_201603.txt,0.4800754358837426,0.2217263363198634,0.6481481431481482,0.842239261,0.824623704,0.8333384394645691,3.8501513194464505,239
oneshot,chatgpt,201603,oneshot/chatgpt/201603.txt,0,0,1,0,0,6,7,../generate_summray/oneshot/chatgpt/201603.txt,/home/david/Workspace/research/manuscripts/original_summary/sumamry_201603.txt,0.4351544677373354,0.4344956162006602,0.8648648598685172,0.8573236465454102,0.8653252124786377,0.8613058924674988,4.3184696952980595,30
oneshot,llama,201603,oneshot/llama/201603.txt,0,1,5,2,3,14,25,../generate_summray/oneshot/llama/201603.txt,/home/david/Workspace/research/manuscripts/original_summary/sumamry_201603.txt,0.5754248701634579,0.4037428153589768,0.8037383127574462,0.8628953695297241,0.8671597242355347,0.8650223016738892,4.377983393719029,17
oneshot,qwen,201603,oneshot/qwen/201603.txt,0,1,3,0,1,6,11,../generate_summray/oneshot/qwen/201603.txt,/home/david/Workspace/research/manuscripts/original_summary/sumamry_201603.txt,0.6035858003696203,0.4074126798427857,0.7999999950040816,0.8658064603805542,0.8702940940856934,0.8680444955825806,4.415143525265316,9
zeroshot,chatgpt,201603,zeroshot/chatgpt/201603.txt,0,1,1,0,0,6,8,../generate_summray/zeroshot/chatgpt/201603.txt,/home/david/Workspace/research/manuscripts/original_summary/sumamry_201603.txt,0.6119543624318717,0.327750272070232,0.7199999950320001,0.8686290979385376,0.8652491569519043,0.8669358491897583,4.260518733614304,43
zeroshot,llama,201603,zeroshot/llama/201603.txt,0,1,5,2,4,18,30,../generate_summray/zeroshot/llama/201603.txt,/home/david/Workspace/research/manuscripts/original_summary/sumamry_201603.txt,0.5948659987736377,0.3138044823949142,0.7070707021120294,0.8512617349624634,0.8417211771011353,0.8464645743370056,4.155188669681186,79
zeroshot,qwen,201603,zeroshot/qwen/201603.txt,0,1,4,2,2,12,21,../generate_summray/zeroshot/qwen/201603.txt,/home/david/Workspace/research/manuscripts/original_summary/sumamry_201603.txt,0.4756968078512411,0.2175723444837979,0.6930693019547104,0.85872829,0.835159421,0.8467798829078674,3.9270060477689057,207
fewshot,chatgpt,201604,fewshot/chatgpt/201604.txt,0,0,0,0,1,1,2,../generate_summray/fewshot/chatgpt/201604.txt,/home/david/Workspace/research/manuscripts/original_summary/sumamry_201604.txt,0.2466158174790553,0.3302307406591219,0.8333333283401921,0.8462036848068237,0.8751486539840698,0.8604328036308289,3.991965028900091,170
fewshot,llama,201604,fewshot/llama/201604.txt,0,0,0,0,2,5,7,../generate_summray/fewshot/llama/201604.txt,/home/david/Workspace/research/manuscripts/original_summary/sumamry_201604.txt,0.3399392246785377,0.2422095094113463,0.7326732623311442,0.8414145708084106,0.8388833999633789,0.840147078,3.83526704523008,243
fewshot,qwen,201604,fewshot/qwen/201604.txt,0,0,0,0,1,4,5,../generate_summray/fewshot/qwen/201604.txt,/home/david/Workspace/research/manuscripts/original_summary/sumamry_201604.txt,0.3637302271874605,0.3631227869098325,0.7307692257692308,0.8530790209770203,0.8681484460830688,0.8605477809906006,4.039397487917213,146
oneshot,chatgpt,201604,oneshot/chatgpt/201604.txt,0,0,0,0,3,6,9,../generate_summray/oneshot/chatgpt/201604.txt,/home/david/Workspace/research/manuscripts/original_summary/sumamry_201604.txt,0.2154165228014875,0.3404452974276017,0.8148148098216735,0.8366634249687195,0.8650700449943542,0.8506296277046204,3.9230397277184568,208
oneshot,llama,201604,oneshot/llama/201604.txt,0,0,1,1,5,9,16,../generate_summray/oneshot/llama/201604.txt,/home/david/Workspace/research/manuscripts/original_summary/sumamry_201604.txt,0.3436225882661832,0.3357980487124745,0.718446597,0.851955235,0.8693889379501343,0.8605837821960449,3.979795189071481,178
oneshot,qwen,201604,oneshot/qwen/201604.txt,0,0,1,1,4,7,13,../generate_summray/oneshot/qwen/201604.txt,/home/david/Workspace/research/manuscripts/original_summary/sumamry_201604.txt,0.3161875511803413,0.3516798662347056,0.7307692257692308,0.8445630073547363,0.8720932602882385,0.8581073880195618,3.9734002988468142,180
zeroshot,chatgpt,201604,zeroshot/chatgpt/201604.txt,0,0,1,0,4,6,11,../generate_summray/zeroshot/chatgpt/201604.txt,/home/david/Workspace/research/manuscripts/original_summary/sumamry_201604.txt,0.3757960566106791,0.3137975766041231,0.7999999950004536,0.8488947153091431,0.8635624051094055,0.8561657071113586,4.058216455745163,131
zeroshot,llama,201604,zeroshot/llama/201604.txt,0,0,1,1,6,13,21,../generate_summray/zeroshot/llama/201604.txt,/home/david/Workspace/research/manuscripts/original_summary/sumamry_201604.txt,0.3715410517287164,0.3550779340200841,0.7307692257692308,0.8517723083496094,0.8725963830947876,0.8620585799217224,4.043815482884151,143
zeroshot,qwen,201604,zeroshot/qwen/201604.txt,0,0,1,1,5,8,15,../generate_summray/zeroshot/qwen/201604.txt,/home/david/Workspace/research/manuscripts/original_summary/sumamry_201604.txt,0.4139796676408802,0.3400774248476751,0.6168224249104726,0.8563385009765625,0.86564517,0.860966682,3.953829871021465,191
fewshot,chatgpt,201612,fewshot/chatgpt/201612.txt,0,0,2,0,0,0,2,../generate_summray/fewshot/chatgpt/201612.txt,/home/david/Workspace/research/manuscripts/original_summary/sumamry_201612.txt,0.4496098955294944,0.4443391934470727,0.799999995,0.8647398352622986,0.8661150932312012,0.8654268980026245,4.29023091,37
fewshot,llama,201612,fewshot/llama/201612.txt,0,0,3,0,0,10,13,../generate_summray/fewshot/llama/201612.txt,/home/david/Workspace/research/manuscripts/original_summary/sumamry_201612.txt,0.517356001,0.2280594019371711,0.6923076873150887,0.8442018628120422,0.8334041833877563,0.8387682437896729,3.954097380621507,190
fewshot,qwen,201612,fewshot/qwen/201612.txt,0,0,3,0,0,5,8,../generate_summray/fewshot/qwen/201612.txt,/home/david/Workspace/research/manuscripts/original_summary/sumamry_201612.txt,0.4920548032093761,0.230046204620462,0.7272727222732375,0.8287626504898071,0.8265061378479004,0.8276328444480896,3.932275362888873,202
oneshot,chatgpt,201612,oneshot/chatgpt/201612.txt,0,0,3,0,0,14,17,../generate_summray/oneshot/chatgpt/201612.txt,/home/david/Workspace/research/manuscripts/original_summary/sumamry_201612.txt,0.4039374129079814,0.4138344786325081,0.84112149,0.858339787,0.8674924969673157,0.8628919124603271,4.247617577846175,47
oneshot,llama,201612,oneshot/llama/201612.txt,1,0,4,0,2,51,58,../generate_summray/oneshot/llama/201612.txt,/home/david/Workspace/research/manuscripts/original_summary/sumamry_201612.txt,0.5860651853638269,0.3282687510578693,0.7524752425252427,0.8430352807044983,0.8523701429367065,0.8476769924163818,4.2098915950045255,62
oneshot,qwen,201612,oneshot/qwen/201612.txt,0,0,4,0,1,28,33,../generate_summray/oneshot/qwen/201612.txt,/home/david/Workspace/research/manuscripts/original_summary/sumamry_201612.txt,0.5136094485331619,0.3550702075761716,0.7818181768595042,0.8381505012512207,0.8509117364883423,0.8444828987121582,4.184042969420559,74
zeroshot,chatgpt,201612,zeroshot/chatgpt/201612.txt,0,0,4,0,1,19,24,../generate_summray/zeroshot/chatgpt/201612.txt,/home/david/Workspace/research/manuscripts/original_summary/sumamry_201612.txt,0.6155769523308369,0.3369230538309237,0.8124999950086805,0.871069074,0.866868794,0.8689637780189514,4.371901646830842,19
zeroshot,llama,201612,zeroshot/llama/201612.txt,1,0,4,0,2,57,64,../generate_summray/zeroshot/llama/201612.txt,/home/david/Workspace/research/manuscripts/original_summary/sumamry_201612.txt,0.5673190933306956,0.2684452145167709,0.8085106333182437,0.859167218,0.8525780439376831,0.8558599352836609,4.211880138595367,61
zeroshot,qwen,201612,zeroshot/qwen/201612.txt,0,0,4,0,2,39,45,../generate_summray/zeroshot/qwen/201612.txt,/home/david/Workspace/research/manuscripts/original_summary/sumamry_201612.txt,0.5269010047800605,0.2367846899620605,0.734693873,0.8513332605361938,0.84432745,0.8478159308433533,4.041856208473355,145
fewshot,chatgpt,201707,fewshot/chatgpt/201707.txt,0,0,0,0,0,2,2,../generate_summray/fewshot/chatgpt/201707.txt,/home/david/Workspace/research/manuscripts/original_summary/sumamry_201707.txt,0.3185739809440348,0.4213051247700162,0.7758620639788942,0.8452054262161255,0.8618431091308594,0.8534431457519531,4.076232850791883,123
fewshot,llama,201707,fewshot/llama/201707.txt,0,0,0,0,0,9,9,../generate_summray/fewshot/llama/201707.txt,/home/david/Workspace/research/manuscripts/original_summary/sumamry_201707.txt,0.412867954488739,0.2544075808315925,0.7115384565551037,0.8474665880203247,0.8356150388717651,0.8414990901947021,3.903394708962227,220
fewshot,qwen,201707,fewshot/qwen/201707.txt,0,0,0,0,0,6,6,../generate_summray/fewshot/qwen/201707.txt,/home/david/Workspace/research/manuscripts/original_summary/sumamry_201707.txt,0.4237753445188067,0.2825164973137117,0.7428571378684807,0.8394575715065002,0.8347623348236084,0.8371033668518066,3.9604722528829144,187
oneshot,chatgpt,201707,oneshot/chatgpt/201707.txt,0,0,0,0,0,11,11,../generate_summray/oneshot/chatgpt/201707.txt,/home/david/Workspace/research/manuscripts/original_summary/sumamry_201707.txt,0.3016705505630832,0.4356639763062625,0.793103443,0.8524594306945801,0.8661097884178162,0.8592303395271301,4.108237528798111,101
oneshot,llama,201707,oneshot/llama/201707.txt,1,0,6,0,3,29,39,../generate_summray/oneshot/llama/201707.txt,/home/david/Workspace/research/manuscripts/original_summary/sumamry_201707.txt,0.4919229738754327,0.294544837,0.7207207157211267,0.8588659167289734,0.858260989,0.8585633635520935,4.082878795721953,119
oneshot,qwen,201707,oneshot/qwen/201707.txt,0,0,3,0,3,19,25,../generate_summray/oneshot/qwen/201707.txt,/home/david/Workspace/research/manuscripts/original_summary/sumamry_201707.txt,0.405687454,0.3056270634338594,0.7102803688357062,0.8404538631439209,0.8510873317718506,0.8457371592521667,3.958873240568511,188
zeroshot,chatgpt,201707,zeroshot/chatgpt/201707.txt,0,0,1,0,1,13,15,../generate_summray/zeroshot/chatgpt/201707.txt,/home/david/Workspace/research/manuscripts/original_summary/sumamry_201707.txt,0.5085522358607171,0.3468786655674575,0.6476190426303855,0.8648332953453064,0.8645228147506714,0.8646780252456665,4.097084079400204,105
zeroshot,llama,201707,zeroshot/llama/201707.txt,2,0,8,2,3,31,46,../generate_summray/zeroshot/llama/201707.txt,/home/david/Workspace/research/manuscripts/original_summary/sumamry_201707.txt,0.5272093337008743,0.3034241409121644,0.7755101991566015,0.8545080423355103,0.8405934572219849,0.847493589,4.1487387622515435,85
zeroshot,qwen,201707,zeroshot/qwen/201707.txt,0,0,5,0,3,23,31,../generate_summray/zeroshot/qwen/201707.txt,/home/david/Workspace/research/manuscripts/original_summary/sumamry_201707.txt,0.4877568267781961,0.2291264455319668,0.6796116455085306,0.8314510583877563,0.8190617561340332,0.825209916,3.872217647978453,232
fewshot,chatgpt,201709,fewshot/chatgpt/201709.txt,0,0,0,0,1,3,4,../generate_summray/fewshot/chatgpt/201709.txt,/home/david/Workspace/research/manuscripts/original_summary/sumamry_201709.txt,0.3338989260770123,0.3923996187021925,0.7889908206985945,0.8658115863800049,0.8916848301887512,0.8785578012466431,4.151343583293198,81
fewshot,llama,201709,fewshot/llama/201709.txt,0,0,1,0,2,9,12,../generate_summray/fewshot/llama/201709.txt,/home/david/Workspace/research/manuscripts/original_summary/sumamry_201709.txt,0.4500742990991419,0.312582911,0.7339449491389615,0.8447791337966919,0.8561450839042664,0.8504241704940796,4.047950547,140
fewshot,qwen,201709,fewshot/qwen/201709.txt,0,0,1,0,1,5,7,../generate_summray/fewshot/qwen/201709.txt,/home/david/Workspace/research/manuscripts/original_summary/sumamry_201709.txt,0.398990493795583,0.2593585922057616,0.68518518,0.8270189762115479,0.8343448042869568,0.8306657671928406,3.835563813884734,242
oneshot,chatgpt,201709,oneshot/chatgpt/201709.txt,0,0,1,0,2,10,13,../generate_summray/oneshot/chatgpt/201709.txt,/home/david/Workspace/research/manuscripts/original_summary/sumamry_201709.txt,0.3039986938726561,0.3891115336929616,0.7610619419343724,0.8503147959709167,0.8815706968307495,0.8656607866287231,4.051718448930379,137
oneshot,llama,201709,oneshot/llama/201709.txt,0,0,3,2,3,24,32,../generate_summray/oneshot/llama/201709.txt,/home/david/Workspace/research/manuscripts/original_summary/sumamry_201709.txt,0.4620771732415633,0.2754799151330979,0.7722772227271836,0.8543868660926819,0.8606546521186829,0.8575092554092407,4.082385085,120
oneshot,qwen,201709,oneshot/qwen/201709.txt,0,0,2,2,3,16,23,../generate_summray/oneshot/qwen/201709.txt,/home/david/Workspace/research/manuscripts/original_summary/sumamry_201709.txt,0.3667314894009961,0.3029202369914632,0.6981132025489498,0.8405855298042297,0.853085995,0.8467896580696106,3.9082261115357086,218
zeroshot,chatgpt,201709,zeroshot/chatgpt/201709.txt,0,0,1,0,2,11,14,../generate_summray/zeroshot/chatgpt/201709.txt,/home/david/Workspace/research/manuscripts/original_summary/sumamry_201709.txt,0.5375744813369764,0.4115389723808593,0.776699024,0.8746079206466675,0.8884570002555847,0.8814780712127686,4.3703554699595415,20
zeroshot,llama,201709,zeroshot/llama/201709.txt,0,0,4,2,3,27,36,../generate_summray/zeroshot/llama/201709.txt,/home/david/Workspace/research/manuscripts/original_summary/sumamry_201709.txt,0.5219892753226526,0.2769129527857296,0.7647058773548635,0.8551940321922302,0.8511456847190857,0.8531650900840759,4.123112912458637,97
zeroshot,qwen,201709,zeroshot/qwen/201709.txt,0,0,3,2,3,19,27,../generate_summray/zeroshot/qwen/201709.txt,/home/david/Workspace/research/manuscripts/original_summary/sumamry_201709.txt,0.5395178423892648,0.2418504965572516,0.7399999950080001,0.8432357311248779,0.8487072587013245,0.845962644,4.059273967404071,130
fewshot,chatgpt,201710,fewshot/chatgpt/201710.txt,0,0,0,0,1,0,1,../generate_summray/fewshot/chatgpt/201710.txt,/home/david/Workspace/research/manuscripts/original_summary/sumamry_201710.txt,0.3283699938745631,0.4114116131250279,0.7894736792120653,0.8541790843009949,0.874140739,0.8640446066856384,4.1216197166392075,98
fewshot,llama,201710,fewshot/llama/201710.txt,0,1,0,0,2,7,10,../generate_summray/fewshot/llama/201710.txt,/home/david/Workspace/research/manuscripts/original_summary/sumamry_201710.txt,0.4470162944564396,0.2959912823395715,0.7428571378793651,0.8561497926712036,0.8533827066421509,0.8547639846801758,4.050161198668906,139
fewshot,qwen,201710,fewshot/qwen/201710.txt,0,1,0,0,2,2,5,../generate_summray/fewshot/qwen/201710.txt,/home/david/Workspace/research/manuscripts/original_summary/sumamry_201710.txt,0.3918993241642964,0.2444391659095241,0.7326732623860406,0.8394101858139038,0.8392302989959717,0.8393202424049377,3.8869724796746743,231
oneshot,chatgpt,201710,oneshot/chatgpt/201710.txt,0,2,0,0,3,11,16,../generate_summray/oneshot/chatgpt/201710.txt,/home/david/Workspace/research/manuscripts/original_summary/sumamry_201710.txt,0.3328820523359437,0.4026391269982258,0.7863247813339177,0.8486728668212891,0.8655390739440918,0.8570230007171631,4.093080902150631,107
oneshot,llama,201710,oneshot/llama/201710.txt,0,2,3,0,8,23,36,../generate_summray/oneshot/llama/201710.txt,/home/david/Workspace/research/manuscripts/original_summary/sumamry_201710.txt,0.3575636203606259,0.3244044755436556,0.7142857092857143,0.8540907502174377,0.8595514893531799,0.8568124175071716,3.966708462267785,185
oneshot,qwen,201710,oneshot/qwen/201710.txt,0,2,1,0,5,16,24,../generate_summray/oneshot/qwen/201710.txt,/home/david/Workspace/research/manuscripts/original_summary/sumamry_201710.txt,0.4229528940742049,0.3112497405616808,0.7222222172290811,0.8512589931488037,0.8583434224128723,0.8547865152359009,4.020813782662544,155
zeroshot,chatgpt,201710,zeroshot/chatgpt/201710.txt,0,2,0,0,4,12,18,../generate_summray/zeroshot/chatgpt/201710.txt,/home/david/Workspace/research/manuscripts/original_summary/sumamry_201710.txt,0.4879139384417189,0.3477337507532468,0.7368421,0.8537874221801758,0.8596223592758179,0.8566949367523193,4.142594507667976,88
zeroshot,llama,201710,zeroshot/llama/201710.txt,0,2,5,0,9,28,44,../generate_summray/zeroshot/llama/201710.txt,/home/david/Workspace/research/manuscripts/original_summary/sumamry_201710.txt,0.4462630679720301,0.2885415187318941,0.6238532060129619,0.8528521656990051,0.8560817837715149,0.8544638752937317,3.9220556174811376,209
zeroshot,qwen,201710,zeroshot/qwen/201710.txt,0,2,2,0,7,17,28,../generate_summray/zeroshot/qwen/201710.txt,/home/david/Workspace/research/manuscripts/original_summary/sumamry_201710.txt,0.5360164384435833,0.2834353749525248,0.7428571378793651,0.8646711111068726,0.859988809,0.8623235821723938,4.149292453186637,84
fewshot,chatgpt,201802,fewshot/chatgpt/201802.txt,0,0,1,0,0,0,1,../generate_summray/fewshot/chatgpt/201802.txt,/home/david/Workspace/research/manuscripts/original_summary/summary_201802.txt,0.5336484806532705,0.4417461745970902,0.8076923027218935,0.8785713911056519,0.8900281190872192,0.8842626214027405,4.435949089567866,7
fewshot,llama,201802,fewshot/llama/201802.txt,0,0,3,0,0,2,5,../generate_summray/fewshot/llama/201802.txt,/home/david/Workspace/research/manuscripts/original_summary/summary_201802.txt,0.5989326161892734,0.3413780439880462,0.8541666616666668,0.8688097596168518,0.8626621961593628,0.8657249808311462,4.3916742584513475,15
fewshot,qwen,201802,fewshot/qwen/201802.txt,0,0,2,0,0,1,3,../generate_summray/fewshot/qwen/201802.txt,/home/david/Workspace/research/manuscripts/original_summary/summary_201802.txt,0.6308142012606297,0.2967294312407479,0.7628865929386759,0.870218039,0.8630846738815308,0.8666366934776306,4.290369631358175,36
oneshot,chatgpt,201802,oneshot/chatgpt/201802.txt,0,0,4,0,0,2,6,../generate_summray/oneshot/chatgpt/201802.txt,/home/david/Workspace/research/manuscripts/original_summary/summary_201802.txt,0.5014651167063344,0.4607697002559283,0.8932038785182393,0.8801676034927368,0.8925425410270691,0.8863118886947632,4.514460728695071,1
oneshot,llama,201802,oneshot/llama/201802.txt,0,0,8,3,1,13,25,../generate_summray/oneshot/llama/201802.txt,/home/david/Workspace/research/manuscripts/original_summary/summary_201802.txt,0.5805202109588954,0.2599898411222663,0.7835051496397067,0.8440917730331421,0.833815336,0.8389220833778381,4.140844394359266,92
oneshot,qwen,201802,oneshot/qwen/201802.txt,0,0,5,3,0,6,14,../generate_summray/oneshot/qwen/201802.txt,/home/david/Workspace/research/manuscripts/original_summary/summary_201802.txt,0.5628585265283157,0.2739546072307157,0.7326732623389864,0.8431333303451538,0.8456345796585083,0.844382107,4.102636413359523,104
zeroshot,chatgpt,201802,zeroshot/chatgpt/201802.txt,0,0,5,0,0,3,8,../generate_summray/zeroshot/chatgpt/201802.txt,/home/david/Workspace/research/manuscripts/original_summary/summary_201802.txt,0.6055739079944064,0.3209637578229857,0.7999999950080001,0.8809249401092529,0.8740622997283936,0.8774802088737488,4.359005109536787,23
zeroshot,llama,201802,zeroshot/llama/201802.txt,0,0,10,3,1,14,28,../generate_summray/zeroshot/llama/201802.txt,/home/david/Workspace/research/manuscripts/original_summary/summary_201802.txt,0.5200484372851045,0.2765787714013347,0.6823529362602077,0.8582821488380432,0.8439314961433411,0.8510463237762451,4.032240113704276,150
zeroshot,qwen,201802,zeroshot/qwen/201802.txt,0,0,7,3,0,10,20,../generate_summray/zeroshot/qwen/201802.txt,/home/david/Workspace/research/manuscripts/original_summary/summary_201802.txt,0.3113363833497258,0.1609269534223849,0.7111111061333335,0.8546227812767029,0.8282632827758789,0.8412365317344666,3.707497038692493,262
fewshot,chatgpt,201803,fewshot/chatgpt/201803.txt,0,0,1,0,0,1,2,../generate_summray/fewshot/chatgpt/201803.txt,/home/david/Workspace/research/manuscripts/original_summary/summary_201803.txt,0.3965752351284999,0.4295121192466628,0.796610164,0.8560953140258789,0.8707295060157776,0.8633503913879395,4.2128727303020295,60
fewshot,llama,201803,fewshot/llama/201803.txt,0,0,1,0,1,7,9,../generate_summray/fewshot/llama/201803.txt,/home/david/Workspace/research/manuscripts/original_summary/summary_201803.txt,0.4999711985327936,0.1990786173773961,0.6285714236081633,0.8386355042457581,0.8243998885154724,0.8314567804336548,3.8221134127132386,248
fewshot,qwen,201803,fewshot/qwen/201803.txt,0,0,1,0,1,3,5,../generate_summray/fewshot/qwen/201803.txt,/home/david/Workspace/research/manuscripts/original_summary/summary_201803.txt,0.458365883,0.2053345701562638,0.6548672516375598,0.8244622945785522,0.8202528953552246,0.8223521709442139,3.7856350661316833,255
oneshot,chatgpt,201803,oneshot/chatgpt/201803.txt,0,0,1,0,2,8,11,../generate_summray/oneshot/chatgpt/201803.txt,/home/david/Workspace/research/manuscripts/original_summary/summary_201803.txt,0.376899366918947,0.406550428,0.8275862018980382,0.861484945,0.8698657751083374,0.8656551241874695,4.208041841106828,64
oneshot,llama,201803,oneshot/llama/201803.txt,0,0,3,1,8,18,30,../generate_summray/oneshot/llama/201803.txt,/home/david/Workspace/research/manuscripts/original_summary/summary_201803.txt,0.6049011807855964,0.4349788160878385,0.7692307642769971,0.8954243063926697,0.8833199143409729,0.8893309235572815,4.477185905441356,5
oneshot,qwen,201803,oneshot/qwen/201803.txt,0,0,2,1,4,10,17,../generate_summray/oneshot/qwen/201803.txt,/home/david/Workspace/research/manuscripts/original_summary/summary_201803.txt,0.5477517483246512,0.272466221,0.7169811271039516,0.8480120897293091,0.8383269309997559,0.8431417346000671,4.066679852,128
zeroshot,chatgpt,201803,zeroshot/chatgpt/201803.txt,0,0,2,0,3,8,13,../generate_summray/zeroshot/chatgpt/201803.txt,/home/david/Workspace/research/manuscripts/original_summary/summary_201803.txt,0.575713935,0.3513083510925784,0.6796116455424641,0.8689993619918823,0.8602004051208496,0.8645774722099304,4.200411170816903,67
zeroshot,llama,201803,zeroshot/llama/201803.txt,0,0,4,1,9,20,34,../generate_summray/zeroshot/llama/201803.txt,/home/david/Workspace/research/manuscripts/original_summary/summary_201803.txt,0.4798360062810582,0.2221663739548149,0.6122448930924614,0.8309424519538879,0.8181132078170776,0.8244778513908386,3.787780784490139,254
zeroshot,qwen,201803,zeroshot/qwen/201803.txt,0,0,3,1,5,12,21,../generate_summray/zeroshot/qwen/201803.txt,/home/david/Workspace/research/manuscripts/original_summary/summary_201803.txt,0.4170761208890462,0.1961046140516401,0.6019417426298427,0.8524084091186523,0.8322268724441528,0.8421967625617981,3.741954521695132,259
fewshot,chatgpt,201808,fewshot/chatgpt/201808.txt,0,0,0,0,0,1,1,../generate_summray/fewshot/chatgpt/201808.txt,/home/david/Workspace/research/manuscripts/original_summary/summary_201808.txt,0.351913709399444,0.4398350513481331,0.7155963253093174,0.8515305519104004,0.8797193765640259,0.8653954267501831,4.103990441281504,103
fewshot,llama,201808,fewshot/llama/201808.txt,0,0,0,0,0,0,0,../generate_summray/fewshot/llama/201808.txt,/home/david/Workspace/research/manuscripts/original_summary/summary_201808.txt,0.4297407144384227,0.3096334780341869,0.6538461488535504,0.8460476398468018,0.8540208339691162,0.8500155210494995,3.9433043361915776,196
fewshot,qwen,201808,fewshot/qwen/201808.txt,0,0,1,0,0,4,5,../generate_summray/fewshot/qwen/201808.txt,/home/david/Workspace/research/manuscripts/original_summary/summary_201808.txt,0.3739513370231511,0.2041060175578189,0.7128712821292033,0.8229870796203613,0.8293665051460266,0.8261645436286926,3.769446765105254,257
oneshot,chatgpt,201808,oneshot/chatgpt/201808.txt,0,1,0,0,0,0,1,../generate_summray/oneshot/chatgpt/201808.txt,/home/david/Workspace/research/manuscripts/original_summary/summary_201808.txt,0.3283154519958047,0.4269768296088118,0.7547169761480956,0.8513414859771729,0.8705742955207825,0.8608505129814148,4.092775552232082,108
oneshot,llama,201808,oneshot/llama/201808.txt,0,2,3,3,4,6,18,../generate_summray/oneshot/llama/201808.txt,/home/david/Workspace/research/manuscripts/original_summary/summary_201808.txt,0.5492108722569634,0.2307242663257507,0.7157894686980609,0.8582471609115601,0.8459010124206543,0.8520293831825256,4.051902163795515,135
oneshot,qwen,201808,oneshot/qwen/201808.txt,0,1,1,1,2,3,8,../generate_summray/oneshot/qwen/201808.txt,/home/david/Workspace/research/manuscripts/original_summary/summary_201808.txt,0.4843464996200912,0.3080950730271635,0.6666666616780046,0.8458563089370728,0.8594363927841187,0.8525922894477844,4.016993225494235,156
zeroshot,chatgpt,201808,zeroshot/chatgpt/201808.txt,0,1,1,0,1,0,3,../generate_summray/zeroshot/chatgpt/201808.txt,/home/david/Workspace/research/manuscripts/original_summary/summary_201808.txt,0.4642984260271802,0.3279424418828764,0.6470588185313342,0.8548699617385864,0.8761771321296692,0.8653923869132996,4.035739167222946,148
zeroshot,llama,201808,zeroshot/llama/201808.txt,0,2,4,3,5,6,20,../generate_summray/zeroshot/llama/201808.txt,/home/david/Workspace/research/manuscripts/original_summary/summary_201808.txt,0.5190895148514653,0.2397079200170859,0.6666666616949937,0.8495112657546997,0.8449331521987915,0.84721601,3.967124524610725,183
zeroshot,qwen,201808,zeroshot/qwen/201808.txt,0,2,2,1,3,3,11,../generate_summray/zeroshot/qwen/201808.txt,/home/david/Workspace/research/manuscripts/original_summary/summary_201808.txt,0.6093395550472724,0.337633388382507,0.7608695602551987,0.8838326334953308,0.8797329664230347,0.8817780613899231,4.353186164993267,25
fewshot,chatgpt,201901,fewshot/chatgpt/201901.txt,0,0,1,0,1,1,3,../generate_summray/fewshot/chatgpt/201901.txt,/home/david/Workspace/research/manuscripts/original_summary/summary_201901.txt,0.381502169448546,0.398240529535265,0.7207207157535914,0.8547820448875427,0.8717589378356934,0.8631869554519653,4.090191352912604,110
fewshot,llama,201901,fewshot/llama/201901.txt,0,0,2,1,1,11,15,../generate_summray/fewshot/llama/201901.txt,/home/david/Workspace/research/manuscripts/original_summary/summary_201901.txt,0.3645810734449294,0.2551601566318826,0.6078431322549019,0.8343678712844849,0.8397843837738037,0.8370674252510071,3.738804043,260
fewshot,qwen,201901,fewshot/qwen/201901.txt,0,0,1,0,1,6,8,../generate_summray/fewshot/qwen/201901.txt,/home/david/Workspace/research/manuscripts/original_summary/summary_201901.txt,0.4737859789947036,0.2487561511735091,0.6857142807183674,0.834104061,0.8404688835144043,0.8372743129730225,3.920103668500716,210
oneshot,chatgpt,201901,oneshot/chatgpt/201901.txt,0,0,2,1,1,13,17,../generate_summray/oneshot/chatgpt/201901.txt,/home/david/Workspace/research/manuscripts/original_summary/summary_201901.txt,0.3495717246562907,0.4185494266669963,0.7962962913117285,0.8498817682266235,0.8722765445709229,0.8609335422515869,4.147509297684149,87
oneshot,llama,201901,oneshot/llama/201901.txt,0,0,3,3,2,26,34,../generate_summray/oneshot/llama/201901.txt,/home/david/Workspace/research/manuscripts/original_summary/summary_201901.txt,0.5278568667168512,0.3193583347022359,0.6990291212140637,0.8278000950813293,0.8367273211479187,0.8322397470474243,4.043011485909823,144
oneshot,qwen,201901,oneshot/qwen/201901.txt,0,0,3,2,2,20,27,../generate_summray/oneshot/qwen/201901.txt,/home/david/Workspace/research/manuscripts/original_summary/summary_201901.txt,0.6182203668356921,0.3161877685342305,0.6476190426231293,0.8433526158332825,0.8565950393676758,0.8499222993850708,4.1318971325790805,93
zeroshot,chatgpt,201901,zeroshot/chatgpt/201901.txt,0,0,3,1,2,14,20,../generate_summray/zeroshot/chatgpt/201901.txt,/home/david/Workspace/research/manuscripts/original_summary/summary_201901.txt,0.5987612030667347,0.3618452422615984,0.6476190426231293,0.8763159513473511,0.8848126530647278,0.8805437684059143,4.2498978607694555,46
zeroshot,llama,201901,zeroshot/llama/201901.txt,0,0,4,3,2,29,38,../generate_summray/zeroshot/llama/201901.txt,/home/david/Workspace/research/manuscripts/original_summary/summary_201901.txt,0.5675294260027541,0.3493312156780904,0.7058823479411767,0.858497143,0.8632501363754272,0.8608670234680176,4.205357292257214,66
zeroshot,qwen,201901,zeroshot/qwen/201901.txt,0,0,3,2,2,23,30,../generate_summray/zeroshot/qwen/201901.txt,/home/david/Workspace/research/manuscripts/original_summary/summary_201901.txt,0.5851623950565241,0.3259477693480566,0.6857142807183674,0.8702528476715088,0.8631746768951416,0.8666993379592896,4.196951307648888,69
fewshot,chatgpt,201908,fewshot/chatgpt/201908.txt,0,0,0,0,1,1,2,../generate_summray/fewshot/chatgpt/201908.txt,/home/david/Workspace/research/manuscripts/original_summary/sumamry_201908.txt,0.3023596233934248,0.4021512656742547,0.7592592543432785,0.8458352088928223,0.8796322345733643,0.8624027371406555,4.051640324,138
fewshot,llama,201908,fewshot/llama/201908.txt,0,0,0,0,3,6,9,../generate_summray/fewshot/llama/201908.txt,/home/david/Workspace/research/manuscripts/original_summary/sumamry_201908.txt,0.3919245883797282,0.2800036165759732,0.7499999950021702,0.8472153544425964,0.8589236736297607,0.8530293107032776,3.981096538733506,177
fewshot,qwen,201908,fewshot/qwen/201908.txt,0,0,0,0,2,3,5,../generate_summray/fewshot/qwen/201908.txt,/home/david/Workspace/research/manuscripts/original_summary/sumamry_201908.txt,0.4434100407116175,0.3007982764021855,0.6804123661388034,0.8540723919868469,0.8651504516601562,0.8595758080482483,4.003419334947858,163
oneshot,chatgpt,201908,oneshot/chatgpt/201908.txt,0,0,0,0,4,7,11,../generate_summray/oneshot/chatgpt/201908.txt,/home/david/Workspace/research/manuscripts/original_summary/sumamry_201908.txt,0.3071610968425928,0.3798432864693037,0.7378640727080782,0.852279544,0.8831514716148376,0.867440939,4.027740410461045,152
oneshot,llama,201908,oneshot/llama/201908.txt,0,0,0,0,8,13,21,../generate_summray/oneshot/llama/201908.txt,/home/david/Workspace/research/manuscripts/original_summary/sumamry_201908.txt,0.3953166583363214,0.3104592412223776,0.7010309228398344,0.8583254814147949,0.8690272569656372,0.863643229,3.9978027897866864,165
oneshot,qwen,201908,oneshot/qwen/201908.txt,0,0,0,0,6,9,15,../generate_summray/oneshot/qwen/201908.txt,/home/david/Workspace/research/manuscripts/original_summary/sumamry_201908.txt,0.5362914377908561,0.2122135749295959,0.6458333283355036,0.8459898829460144,0.8447206020355225,0.8453547358512878,3.930403561888781,205
zeroshot,chatgpt,201908,zeroshot/chatgpt/201908.txt,0,0,0,0,5,8,13,../generate_summray/zeroshot/chatgpt/201908.txt,/home/david/Workspace/research/manuscripts/original_summary/sumamry_201908.txt,0.4757183670683374,0.3422147012363537,0.7157894686847647,0.8671805262565613,0.8719976544380188,0.8695824146270752,4.142483132311111,89
zeroshot,llama,201908,zeroshot/llama/201908.txt,0,0,0,0,9,13,22,../generate_summray/zeroshot/llama/201908.txt,/home/david/Workspace/research/manuscripts/original_summary/sumamry_201908.txt,0.4585127912829053,0.370359038069641,0.7865168489483652,0.8681977987289429,0.8788862228393555,0.8735093474388123,4.235982047308022,52
zeroshot,qwen,201908,zeroshot/qwen/201908.txt,0,0,0,0,7,9,16,../generate_summray/zeroshot/qwen/201908.txt,/home/david/Workspace/research/manuscripts/original_summary/sumamry_201908.txt,0.5278439177441567,0.3332159641621111,0.7446808460638298,0.8658149838447571,0.8696445226669312,0.8677254915237427,4.208925726005528,63
fewshot,chatgpt,201912,fewshot/chatgpt/201912.txt,0,0,0,0,0,2,2,../generate_summray/fewshot/chatgpt/201912.txt,/home/david/Workspace/research/manuscripts/original_summary/summary_201912.txt,0.5415229448407318,0.3525186472287377,0.8737864027787728,0.8676855564117432,0.8598273992538452,0.8637386560440063,4.359079606557837,22
fewshot,llama,201912,fewshot/llama/201912.txt,0,0,2,1,1,9,13,../generate_summray/fewshot/llama/201912.txt,/home/david/Workspace/research/manuscripts/original_summary/summary_201912.txt,0.4453279830058559,0.1822917072451834,0.7524752425487696,0.841899037,0.8166227340698242,0.8290682435035706,3.867684947734349,233
fewshot,qwen,201912,fewshot/qwen/201912.txt,0,0,1,0,1,6,8,../generate_summray/fewshot/qwen/201912.txt,/home/david/Workspace/research/manuscripts/original_summary/summary_201912.txt,0.5117337954623472,0.2265180757741181,0.7407407357407407,0.8246045112609863,0.8177818059921265,0.8211789727210999,3.942557896951419,197
oneshot,chatgpt,201912,oneshot/chatgpt/201912.txt,0,0,3,1,2,12,18,../generate_summray/oneshot/chatgpt/201912.txt,/home/david/Workspace/research/manuscripts/original_summary/summary_201912.txt,0.538155573,0.370089538,0.8653846103920119,0.8645749092102051,0.8580763339996338,0.8613134026527405,4.357594367816163,24
oneshot,llama,201912,oneshot/llama/201912.txt,0,1,4,2,6,24,37,../generate_summray/oneshot/llama/201912.txt,/home/david/Workspace/research/manuscripts/original_summary/summary_201912.txt,0.4824609961890718,0.2334640511920769,0.7238095188136056,0.84094131,0.8308722972869873,0.8358765244483948,3.9474246978590304,195
oneshot,qwen,201912,oneshot/qwen/201912.txt,0,1,4,1,3,16,25,../generate_summray/oneshot/qwen/201912.txt,/home/david/Workspace/research/manuscripts/original_summary/summary_201912.txt,0.3388682709435921,0.2261595240514763,0.7884615334689349,0.8623266220092773,0.8369802236557007,0.8494643568992615,3.902260531028243,221
zeroshot,chatgpt,201912,zeroshot/chatgpt/201912.txt,0,1,4,1,2,13,21,../generate_summray/zeroshot/chatgpt/201912.txt,/home/david/Workspace/research/manuscripts/original_summary/summary_201912.txt,0.5877308399922012,0.3043589377130936,0.8316831633408489,0.869641125,0.8597057461738586,0.8646448850631714,4.3177646974853525,31
zeroshot,llama,201912,zeroshot/llama/201912.txt,0,1,6,2,7,25,41,../generate_summray/zeroshot/llama/201912.txt,/home/david/Workspace/research/manuscripts/original_summary/summary_201912.txt,0.6531486247283415,0.3118421134161152,0.7663551351873527,0.8566519618034363,0.8618624210357666,0.8592492341995239,4.3091094903705365,33
zeroshot,qwen,201912,zeroshot/qwen/201912.txt,0,1,4,1,4,16,26,../generate_summray/zeroshot/qwen/201912.txt,/home/david/Workspace/research/manuscripts/original_summary/summary_201912.txt,0.5042180137793062,0.2760701148469847,0.799999995,0.8626718521118164,0.8495999574661255,0.856086016,4.148645948937527,86
fewshot,chatgpt,202002,fewshot/chatgpt/202002.txt,0,0,1,0,0,1,2,../generate_summray/fewshot/chatgpt/202002.txt,/home/david/Workspace/research/manuscripts/original_summary/summary_202002.txt,0.3165484093821346,0.4325358587268216,0.8910891039153025,0.8502675294876099,0.873843253,0.8618941903114319,4.226178344482144,55
fewshot,llama,202002,fewshot/llama/202002.txt,0,0,5,1,0,5,11,../generate_summray/fewshot/llama/202002.txt,/home/david/Workspace/research/manuscripts/original_summary/summary_202002.txt,0.4554484361427945,0.2090465670359917,0.7391304298038752,0.8404371738433838,0.8364448547363281,0.8384362459182739,3.918943707480647,211
fewshot,qwen,202002,fewshot/qwen/202002.txt,0,0,3,0,0,3,6,../generate_summray/fewshot/qwen/202002.txt,/home/david/Workspace/research/manuscripts/original_summary/summary_202002.txt,0.4016847926912177,0.4090791794861368,0.8514851435192627,0.8569735288619995,0.8745096921920776,0.8656527996063232,4.259385136357018,44
oneshot,chatgpt,202002,oneshot/chatgpt/202002.txt,0,0,6,1,0,5,12,../generate_summray/oneshot/chatgpt/202002.txt,/home/david/Workspace/research/manuscripts/original_summary/summary_202002.txt,0.342040938,0.4742756329482459,0.8235294067723953,0.8418326377868652,0.8652069568634033,0.8533597588539124,4.200245331441042,68
oneshot,llama,202002,oneshot/llama/202002.txt,0,0,11,3,1,8,23,../generate_summray/oneshot/llama/202002.txt,/home/david/Workspace/research/manuscripts/original_summary/summary_202002.txt,0.4249495381947982,0.4259247653905129,0.8888888838893991,0.8628854751586914,0.8873682022094727,0.8749555945396423,4.364972459382517,21
oneshot,qwen,202002,oneshot/qwen/202002.txt,0,0,9,1,1,7,18,../generate_summray/oneshot/qwen/202002.txt,/home/david/Workspace/research/manuscripts/original_summary/summary_202002.txt,0.4659386327660362,0.2840851318534858,0.7128712821331242,0.8499399423599243,0.8520592451095581,0.8509982824325562,4.015892516654684,157
zeroshot,chatgpt,202002,zeroshot/chatgpt/202002.txt,0,0,7,1,0,5,13,../generate_summray/zeroshot/chatgpt/202002.txt,/home/david/Workspace/research/manuscripts/original_summary/summary_202002.txt,0.4837969778994203,0.3867427012223745,0.8865979331448613,0.8675146698951721,0.884289026,0.87582159,4.384762898845788,16
zeroshot,llama,202002,zeroshot/llama/202002.txt,0,0,12,4,1,9,26,../generate_summray/zeroshot/llama/202002.txt,/home/david/Workspace/research/manuscripts/original_summary/summary_202002.txt,0.4357183806430206,0.4580319812088577,0.8775510154081633,0.8649430274963379,0.8976131081581116,0.8809753060340881,4.414832818948579,10
zeroshot,qwen,202002,zeroshot/qwen/202002.txt,0,0,9,2,1,8,20,../generate_summray/zeroshot/qwen/202002.txt,/home/david/Workspace/research/manuscripts/original_summary/summary_202002.txt,0.4354677571227465,0.3141172172579833,0.7551020358163265,0.8561941385269165,0.8641166687011719,0.8601371645927429,4.0851349820178875,117
fewshot,chatgpt,202003,fewshot/chatgpt/202003.txt,0,0,1,0,0,1,2,../generate_summray/fewshot/chatgpt/202003.txt,/home/david/Workspace/research/manuscripts/original_summary/summary_202003.txt,0.5137293142532915,0.3818203026321223,0.7818181768446282,0.856823742,0.8625150918960571,0.8596599698066711,4.256366597822449,45
fewshot,llama,202003,fewshot/llama/202003.txt,0,0,2,0,1,10,13,../generate_summray/fewshot/llama/202003.txt,/home/david/Workspace/research/manuscripts/original_summary/summary_202003.txt,0.4897942401364081,0.2107648667532545,0.6874999950195313,0.8484302759170532,0.8274885416030884,0.837828517,3.90180643638948,222
fewshot,qwen,202003,fewshot/qwen/202003.txt,0,0,1,0,1,7,9,../generate_summray/fewshot/qwen/202003.txt,/home/david/Workspace/research/manuscripts/original_summary/summary_202003.txt,0.5306733089791007,0.2378367823647183,0.729166662,0.8403943777084351,0.8373000025749207,0.838844359,4.014215492234424,158
oneshot,chatgpt,202003,oneshot/chatgpt/202003.txt,0,0,2,0,1,11,14,../generate_summray/oneshot/chatgpt/202003.txt,/home/david/Workspace/research/manuscripts/original_summary/summary_202003.txt,0.4008714624571742,0.4349405133432087,0.8108108058436816,0.852515459,0.8610477447509766,0.8567603826522827,4.216946368107993,58
oneshot,llama,202003,oneshot/llama/202003.txt,0,0,4,1,3,20,28,../generate_summray/oneshot/llama/202003.txt,/home/david/Workspace/research/manuscripts/original_summary/summary_202003.txt,0.6019088424254427,0.409715509539565,0.7924528251957993,0.8674042224884033,0.8704091310501099,0.8689040541648865,4.410794584864207,11
oneshot,qwen,202003,oneshot/qwen/202003.txt,0,0,4,0,2,13,19,../generate_summray/oneshot/qwen/202003.txt,/home/david/Workspace/research/manuscripts/original_summary/summary_202003.txt,0.5952028376357328,0.2651072128566302,0.7142857092940443,0.8421120047569275,0.8379009962081909,0.8400012254714966,4.0946099862230225,106
zeroshot,chatgpt,202003,zeroshot/chatgpt/202003.txt,0,0,3,0,1,12,16,../generate_summray/zeroshot/chatgpt/202003.txt,/home/david/Workspace/research/manuscripts/original_summary/summary_202003.txt,0.6027624633268879,0.3108590028734794,0.7128712821292033,0.8645225763320923,0.8651723861694336,0.8648473620414734,4.221035073,57
zeroshot,llama,202003,zeroshot/llama/202003.txt,0,0,4,1,3,21,29,../generate_summray/zeroshot/llama/202003.txt,/home/david/Workspace/research/manuscripts/original_summary/summary_202003.txt,0.4481979681300777,0.1939444420974348,0.6736842055534628,0.8475860357284546,0.8293850421905518,0.8383867144584656,3.8311844081584474,247
zeroshot,qwen,202003,zeroshot/qwen/202003.txt,0,0,4,1,3,15,23,../generate_summray/zeroshot/qwen/202003.txt,/home/david/Workspace/research/manuscripts/original_summary/summary_202003.txt,0.5316169859980769,0.2213143407854385,0.6730769180787723,0.8397111892700195,0.8332926034927368,0.8364896178245544,3.9355016554495985,201
fewshot,chatgpt,202008,fewshot/chatgpt/202008.txt,0,0,2,1,0,9,12,../generate_summray/fewshot/chatgpt/202008.txt,/home/david/Workspace/research/manuscripts/original_summary/summary_202008.txt,0.4749708142435749,0.3938111645414794,0.7478260819599244,0.8543127775192261,0.8618756532669067,0.8580775260925293,4.190874017623641,71
fewshot,llama,202008,fewshot/llama/202008.txt,0,0,2,2,0,20,24,../generate_summray/fewshot/llama/202008.txt,/home/david/Workspace/research/manuscripts/original_summary/summary_202008.txt,0.5726048997145721,0.2249237658366098,0.5981308361324134,0.8367043137550354,0.8264938592910767,0.8315677642822266,3.890425439011934,229
fewshot,qwen,202008,fewshot/qwen/202008.txt,0,0,2,1,0,14,17,../generate_summray/fewshot/qwen/202008.txt,/home/david/Workspace/research/manuscripts/original_summary/summary_202008.txt,0.5623144932487313,0.2237472124618964,0.6363636313652893,0.8267347812652588,0.8220358490943909,0.8243786096572876,3.8955745770928543,225
oneshot,chatgpt,202008,oneshot/chatgpt/202008.txt,0,0,2,2,0,22,26,../generate_summray/oneshot/chatgpt/202008.txt,/home/david/Workspace/research/manuscripts/original_summary/summary_202008.txt,0.5378965076412616,0.3665442223277473,0.7543859599138196,0.8583065867424011,0.8630498051643372,0.8606716990470886,4.2408547808366555,48
oneshot,llama,202008,oneshot/llama/202008.txt,0,0,2,4,1,37,44,../generate_summray/oneshot/llama/202008.txt,/home/david/Workspace/research/manuscripts/original_summary/summary_202008.txt,0.447811648,0.2298016759776537,0.6542056024875537,0.8497841358184814,0.8360617160797119,0.8428670763969421,3.860531854488099,236
oneshot,qwen,202008,oneshot/qwen/202008.txt,0,0,2,2,1,30,35,../generate_summray/oneshot/qwen/202008.txt,/home/david/Workspace/research/manuscripts/original_summary/summary_202008.txt,0.4467432882789439,0.194520169,0.6601941697954568,0.8473038077354431,0.8283674716949463,0.8377286195755005,3.8148575264436446,250
zeroshot,chatgpt,202008,zeroshot/chatgpt/202008.txt,0,0,2,2,0,26,30,../generate_summray/zeroshot/chatgpt/202008.txt,/home/david/Workspace/research/manuscripts/original_summary/summary_202008.txt,0.5362966602683837,0.2604579851162585,0.7339449491322281,0.8461087942123413,0.847302258,0.8467050790786743,4.070815725822565,126
zeroshot,llama,202008,zeroshot/llama/202008.txt,0,0,3,4,1,38,46,../generate_summray/zeroshot/llama/202008.txt,/home/david/Workspace/research/manuscripts/original_summary/summary_202008.txt,0.5033234805051385,0.2548056167885211,0.7307692257988165,0.849367082,0.8426846265792847,0.8460127115249634,4.026962743315712,153
zeroshot,qwen,202008,zeroshot/qwen/202008.txt,0,0,2,2,1,34,39,../generate_summray/zeroshot/qwen/202008.txt,/home/david/Workspace/research/manuscripts/original_summary/summary_202008.txt,0.4165569804846204,0.1661571594426727,0.6526315741074792,0.8308470249176025,0.8152567148208618,0.8229780197143555,3.704427473487592,264
fewshot,chatgpt,202102,fewshot/chatgpt/202102.txt,0,0,1,0,0,1,2,../generate_summray/fewshot/chatgpt/202102.txt,/home/david/Workspace/research/manuscripts/original_summary/summary_202102.txt,0.4948898257332812,0.4608192804787232,0.8316831633290854,0.8704016208648682,0.872035801,0.8712180256843567,4.401047717500989,14
fewshot,llama,202102,fewshot/llama/202102.txt,0,0,3,0,0,4,7,../generate_summray/fewshot/llama/202102.txt,/home/david/Workspace/research/manuscripts/original_summary/summary_202102.txt,0.5589186253148991,0.2286398756413239,0.7368421002637119,0.8483542203903198,0.8329642415046692,0.8405887484550476,4.046307811569972,141
fewshot,qwen,202102,fewshot/qwen/202102.txt,0,0,2,0,0,3,5,../generate_summray/fewshot/qwen/202102.txt,/home/david/Workspace/research/manuscripts/original_summary/summary_202102.txt,0.5343825712934793,0.1914585692122118,0.7578947318426594,0.839672327,0.8295375108718872,0.8345741629600525,3.987519873221917,172
oneshot,chatgpt,202102,oneshot/chatgpt/202102.txt,0,0,3,1,0,5,9,../generate_summray/oneshot/chatgpt/202102.txt,/home/david/Workspace/research/manuscripts/original_summary/summary_202102.txt,0.4407405658845649,0.4492524368931582,0.7850467240248058,0.8629934191703796,0.8725789785385132,0.8677597641944885,4.278371888705911,40
oneshot,llama,202102,oneshot/llama/202102.txt,0,0,4,1,4,10,19,../generate_summray/oneshot/llama/202102.txt,/home/david/Workspace/research/manuscripts/original_summary/summary_202102.txt,0.5305391068118681,0.2498975467398533,0.6739130384877127,0.8535183072090149,0.8357560038566589,0.8445438146591187,3.988167817764227,171
oneshot,qwen,202102,oneshot/qwen/202102.txt,0,0,4,1,2,8,15,../generate_summray/oneshot/qwen/202102.txt,/home/david/Workspace/research/manuscripts/original_summary/summary_202102.txt,0.5174375450608047,0.2469325131384424,0.755555551,0.8619334697723389,0.8491726517677307,0.8555054664611816,4.086537196778276,114
zeroshot,chatgpt,202102,zeroshot/chatgpt/202102.txt,0,0,3,1,1,6,11,../generate_summray/zeroshot/chatgpt/202102.txt,/home/david/Workspace/research/manuscripts/original_summary/summary_202102.txt,0.6896316374647415,0.3633380825693922,0.8080808030853995,0.8790230751037598,0.874443769,0.8767274618148804,4.491244829493129,3
zeroshot,llama,202102,zeroshot/llama/202102.txt,0,0,4,1,5,11,21,../generate_summray/zeroshot/llama/202102.txt,/home/david/Workspace/research/manuscripts/original_summary/summary_202102.txt,0.6933044216795015,0.3903718948080526,0.769230764,0.8778296709060669,0.8711425065994263,0.8744732737541199,4.476352531993031,6
zeroshot,qwen,202102,zeroshot/qwen/202102.txt,0,0,4,1,3,9,17,../generate_summray/zeroshot/qwen/202102.txt,/home/david/Workspace/research/manuscripts/original_summary/summary_202102.txt,0.6621691564638965,0.4473072738947198,0.7474747424793389,0.8735561370849609,0.8816841840744019,0.8776013255119324,4.48979282,4
fewshot,chatgpt,202103,fewshot/chatgpt/202103.txt,0,1,0,0,0,0,1,../generate_summray/fewshot/chatgpt/202103.txt,/home/david/Workspace/research/manuscripts/original_summary/summary_202103.txt,0.5528426428220198,0.4575654295828466,0.859813079,0.8816317319869995,0.8716006278991699,0.8765875101089478,4.500041021516063,2
fewshot,llama,202103,fewshot/llama/202103.txt,0,1,0,0,2,5,8,../generate_summray/fewshot/llama/202103.txt,/home/david/Workspace/research/manuscripts/original_summary/summary_202103.txt,0.6345242559066384,0.3037198537295117,0.7551020358350686,0.8685867190361023,0.8544882535934448,0.8614798188209534,4.277900937,41
fewshot,qwen,202103,fewshot/qwen/202103.txt,0,1,0,0,1,2,4,../generate_summray/fewshot/qwen/202103.txt,/home/david/Workspace/research/manuscripts/original_summary/summary_202103.txt,0.634453063,0.2964518761147592,0.7326732623311442,0.8612293004989624,0.8539484143257141,0.8575733304023743,4.236329246611962,51
oneshot,chatgpt,202103,oneshot/chatgpt/202103.txt,0,2,0,0,3,5,10,../generate_summray/oneshot/chatgpt/202103.txt,/home/david/Workspace/research/manuscripts/original_summary/summary_202103.txt,0.465204644980064,0.4336850745664382,0.9056603723602706,0.870498538,0.860885739,0.8656654357910156,4.401599805041538,13
oneshot,llama,202103,oneshot/llama/202103.txt,0,2,3,0,6,13,24,../generate_summray/oneshot/llama/202103.txt,/home/david/Workspace/research/manuscripts/original_summary/summary_202103.txt,0.5444923663834795,0.3052965746018936,0.8039215636293734,0.86751312,0.854567826,0.8609918355941772,4.236783286177552,50
oneshot,qwen,202103,oneshot/qwen/202103.txt,0,2,0,0,5,8,15,../generate_summray/oneshot/qwen/202103.txt,/home/david/Workspace/research/manuscripts/original_summary/summary_202103.txt,0.4727541245166623,0.2687356141452186,0.7387387337586235,0.8363212943077087,0.8394045829772949,0.837860107,3.993814457127383,168
zeroshot,chatgpt,202103,zeroshot/chatgpt/202103.txt,0,2,0,0,4,6,12,../generate_summray/zeroshot/chatgpt/202103.txt,/home/david/Workspace/research/manuscripts/original_summary/summary_202103.txt,0.5742046331549912,0.2892153223081743,0.7083333283680555,0.8696883320808411,0.8500690460205078,0.8597667813301086,4.1512774432626784,82
zeroshot,llama,202103,zeroshot/llama/202103.txt,0,2,5,0,6,16,29,../generate_summray/zeroshot/llama/202103.txt,/home/david/Workspace/research/manuscripts/original_summary/summary_202103.txt,0.4800664358344928,0.2302268524241139,0.7083333283680555,0.8583699464797974,0.8351631164550781,0.846607506,3.958767185836715,189
zeroshot,qwen,202103,zeroshot/qwen/202103.txt,0,2,1,0,5,9,17,../generate_summray/zeroshot/qwen/202103.txt,/home/david/Workspace/research/manuscripts/original_summary/summary_202103.txt,0.3567274883349105,0.1786847989405862,0.6236559090484449,0.8651202917098999,0.8296206593513489,0.8469986319541931,3.700807779339383,265
fewshot,chatgpt,202106,fewshot/chatgpt/202106.txt,0,0,0,0,1,2,3,../generate_summray/fewshot/chatgpt/202106.txt,/home/david/Workspace/research/manuscripts/original_summary/summary_202106.txt,0.3088440377431189,0.3787384730455888,0.7474747425609631,0.8445284962654114,0.8817687034606934,0.8627469539642334,4.024101407040009,154
fewshot,llama,202106,fewshot/llama/202106.txt,0,0,4,0,2,6,12,../generate_summray/fewshot/llama/202106.txt,/home/david/Workspace/research/manuscripts/original_summary/summary_202106.txt,0.3597298096589318,0.2607919705241374,0.7032966983117982,0.8381373286247253,0.8413029909133911,0.8397171497344971,3.842975947767481,240
fewshot,qwen,202106,fewshot/qwen/202106.txt,0,0,1,0,2,4,7,../generate_summray/fewshot/qwen/202106.txt,/home/david/Workspace/research/manuscripts/original_summary/summary_202106.txt,0.3927458304945929,0.3169172497687699,0.6930693020409764,0.8399103879928589,0.8598998785018921,0.8497875928878784,3.952330241686969,192
oneshot,chatgpt,202106,oneshot/chatgpt/202106.txt,0,1,4,0,3,9,17,../generate_summray/oneshot/chatgpt/202106.txt,/home/david/Workspace/research/manuscripts/original_summary/summary_202106.txt,0.2649926964421443,0.4065172915053062,0.7524752426350358,0.8413213491439819,0.8740620613098145,0.8573792576789856,3.996747898715269,166
oneshot,llama,202106,oneshot/llama/202106.txt,0,2,4,0,5,27,38,../generate_summray/oneshot/llama/202106.txt,/home/david/Workspace/research/manuscripts/original_summary/summary_202106.txt,0.3377382355970653,0.2924377534659277,0.7311827907272518,0.8347584009170532,0.8552896976470947,0.8448993563652039,3.8963062347195967,224
oneshot,qwen,202106,oneshot/qwen/202106.txt,0,1,4,0,4,21,30,../generate_summray/oneshot/qwen/202106.txt,/home/david/Workspace/research/manuscripts/original_summary/summary_202106.txt,0.2476019580815714,0.2577737660377359,0.7254901912014611,0.8090941905975342,0.8294808864593506,0.8191606998443604,3.6886016922220137,267
zeroshot,chatgpt,202106,zeroshot/chatgpt/202106.txt,0,1,4,0,3,13,21,../generate_summray/zeroshot/chatgpt/202106.txt,/home/david/Workspace/research/manuscripts/original_summary/summary_202106.txt,0.4848724463090808,0.4003786795385105,0.6086956471951797,0.8608143925666809,0.8821319341659546,0.8713427782058716,4.108235877981278,102
zeroshot,llama,202106,zeroshot/llama/202106.txt,0,2,4,0,5,32,43,../generate_summray/zeroshot/llama/202106.txt,/home/david/Workspace/research/manuscripts/original_summary/summary_202106.txt,0.3982883966391126,0.2803290012156731,0.6746987901872551,0.8464268445968628,0.8428131341934204,0.844616175,3.887172342,230
zeroshot,qwen,202106,zeroshot/qwen/202106.txt,0,1,4,0,4,23,32,../generate_summray/zeroshot/qwen/202106.txt,/home/david/Workspace/research/manuscripts/original_summary/summary_202106.txt,0.5202672357557403,0.2232638976560198,0.6829268242801905,0.8509567975997925,0.8447740077972412,0.8478541374206543,3.9700429005096383,181
fewshot,chatgpt,202108,fewshot/chatgpt/202108.txt,0,0,2,0,0,2,4,../generate_summray/fewshot/chatgpt/202108.txt,/home/david/Workspace/research/manuscripts/original_summary/summary_202108.txt,0.3617001308013152,0.4267589817492279,0.8347826036960304,0.8569549322128296,0.8763974905014038,0.8665671348571777,4.2231612738179845,56
fewshot,llama,202108,fewshot/llama/202108.txt,0,0,2,0,1,6,9,../generate_summray/fewshot/llama/202108.txt,/home/david/Workspace/research/manuscripts/original_summary/summary_202108.txt,0.4179412227368694,0.3456218155570651,0.7962962913237311,0.838647187,0.8449417948722839,0.8417826890945435,4.085231000340627,116
fewshot,qwen,202108,fewshot/qwen/202108.txt,0,0,2,0,1,4,7,../generate_summray/fewshot/qwen/202108.txt,/home/david/Workspace/research/manuscripts/original_summary/summary_202108.txt,0.4008298480014376,0.3361220598859623,0.6890756252552785,0.8422541618347168,0.8501206636428833,0.846169114,3.964571472733133,186
oneshot,chatgpt,202108,oneshot/chatgpt/202108.txt,0,1,2,0,2,6,11,../generate_summray/oneshot/chatgpt/202108.txt,/home/david/Workspace/research/manuscripts/original_summary/summary_202108.txt,0.294556285598634,0.3907343949326292,0.7603305735209345,0.8397311568260193,0.8511996865272522,0.8454265594482422,3.981978656853711,176
oneshot,llama,202108,oneshot/llama/202108.txt,0,1,4,0,2,16,23,../generate_summray/oneshot/llama/202108.txt,/home/david/Workspace/research/manuscripts/original_summary/summary_202108.txt,0.4022512151817358,0.3162368281309657,0.6981132025916699,0.8360041379928589,0.8410121202468872,0.8385006189346313,3.932118123078749,203
oneshot,qwen,202108,oneshot/qwen/202108.txt,0,1,4,0,2,10,17,../generate_summray/oneshot/qwen/202108.txt,/home/david/Workspace/research/manuscripts/original_summary/summary_202108.txt,0.3594892526950439,0.3283687326157083,0.6249999950063776,0.8301394581794739,0.840558648,0.835316539,3.8188726254167698,249
zeroshot,chatgpt,202108,zeroshot/chatgpt/202108.txt,0,1,3,0,2,6,12,../generate_summray/zeroshot/chatgpt/202108.txt,/home/david/Workspace/research/manuscripts/original_summary/summary_202108.txt,0.4752890661224745,0.3148765721666914,0.648148143,0.8521894812583923,0.8470651507377625,0.8496195673942566,3.98718798085516,173
zeroshot,llama,202108,zeroshot/llama/202108.txt,0,1,4,1,2,18,26,../generate_summray/zeroshot/llama/202108.txt,/home/david/Workspace/research/manuscripts/original_summary/summary_202108.txt,0.4900684877410888,0.232421877048587,0.6470588186236063,0.8493041396141052,0.8316395878791809,0.840379,3.890871910616651,228
zeroshot,qwen,202108,zeroshot/qwen/202108.txt,0,1,4,0,2,11,18,../generate_summray/zeroshot/qwen/202108.txt,/home/david/Workspace/research/manuscripts/original_summary/summary_202108.txt,0.5168257701143829,0.270542019930602,0.7378640727495523,0.8556522130966187,0.8435639142990112,0.8495650887489319,4.074013078939099,124
fewshot,chatgpt,202112,fewshot/chatgpt/202112.txt,0,0,2,0,0,2,4,../generate_summray/fewshot/chatgpt/202112.txt,/home/david/Workspace/research/manuscripts/original_summary/summary_202112.txt,0.475055305,0.4184879373006399,0.8108108058144633,0.8596274852752686,0.8742814064025879,0.8668925166130066,4.305155455906936,34
fewshot,llama,202112,fewshot/llama/202112.txt,0,0,2,2,2,8,14,../generate_summray/fewshot/llama/202112.txt,/home/david/Workspace/research/manuscripts/original_summary/summary_202112.txt,0.4535768144099601,0.2393212974791081,0.7692307642381657,0.8435772061347961,0.8364694118499756,0.8400083184242249,3.9821838125362303,175
fewshot,qwen,202112,fewshot/qwen/202112.txt,0,0,2,1,1,4,8,../generate_summray/fewshot/qwen/202112.txt,/home/david/Workspace/research/manuscripts/original_summary/summary_202112.txt,0.4398121715248967,0.2683614283124887,0.7047618997659865,0.8321267366409302,0.8374307155609131,0.8347703218460083,3.917263273651224,213
oneshot,chatgpt,202112,oneshot/chatgpt/202112.txt,0,0,2,2,2,10,16,../generate_summray/oneshot/chatgpt/202112.txt,/home/david/Workspace/research/manuscripts/original_summary/summary_202112.txt,0.3873001987557847,0.4009749846556841,0.8108108058144633,0.8564786314964294,0.8694565296173096,0.8629187345504761,4.187939884890147,73
oneshot,llama,202112,oneshot/llama/202112.txt,0,0,3,2,4,20,29,../generate_summray/oneshot/llama/202112.txt,/home/david/Workspace/research/manuscripts/original_summary/summary_202112.txt,0.3238332979838656,0.2781205308405156,0.7766990241379962,0.83640933,0.8413039445877075,0.8388495445251465,3.8952156724432734,226
oneshot,qwen,202112,oneshot/qwen/202112.txt,0,0,2,2,3,14,21,../generate_summray/oneshot/qwen/202112.txt,/home/david/Workspace/research/manuscripts/original_summary/summary_202112.txt,0.5291113320333496,0.2242876747029792,0.6990291212253747,0.8528352379798889,0.8466063737869263,0.8497093319892883,4.001579071717807,164
zeroshot,chatgpt,202112,zeroshot/chatgpt/202112.txt,0,0,2,2,2,12,18,../generate_summray/zeroshot/chatgpt/202112.txt,/home/david/Workspace/research/manuscripts/original_summary/summary_202112.txt,0.6165690057090115,0.3367813125642184,0.7692307642381657,0.8742831945419312,0.8746687173843384,0.874475896,4.346008890796155,28
zeroshot,llama,202112,zeroshot/llama/202112.txt,0,0,4,2,5,23,34,../generate_summray/zeroshot/llama/202112.txt,/home/david/Workspace/research/manuscripts/original_summary/summary_202112.txt,0.5008066554493817,0.2042769708514118,0.6153846103920119,0.8425734043121338,0.8324984312057495,0.8375056385993958,3.833045710810085,246
zeroshot,qwen,202112,zeroshot/qwen/202112.txt,0,0,2,2,3,15,22,../generate_summray/zeroshot/qwen/202112.txt,/home/david/Workspace/research/manuscripts/original_summary/summary_202112.txt,0.4091759096111309,0.1841378877543684,0.6041666617447918,0.8367451429367065,0.8279030919075012,0.832300603,3.694429297344239,266
fewshot,chatgpt,202201,fewshot/chatgpt/202201.txt,0,0,0,0,0,1,1,../generate_summray/fewshot/chatgpt/202201.txt,/home/david/Workspace/research/manuscripts/original_summary/summary_202201.txt,0.279987882,0.4212104576502412,0.7766990241493072,0.8654736876487732,0.9011721611022948,0.8829622268676758,4.127505439822745,96
fewshot,llama,202201,fewshot/llama/202201.txt,0,0,1,0,0,5,6,../generate_summray/fewshot/llama/202201.txt,/home/david/Workspace/research/manuscripts/original_summary/summary_202201.txt,0.35181231,0.25,0.799999995,0.8448238372802734,0.8488285541534424,0.8468214273452759,3.9422861235098225,198
fewshot,qwen,202201,fewshot/qwen/202201.txt,0,0,1,0,0,2,3,../generate_summray/fewshot/qwen/202201.txt,/home/david/Workspace/research/manuscripts/original_summary/summary_202201.txt,0.3385270339950604,0.2891215158252055,0.7878787828833793,0.8397780656814575,0.862086296,0.8507859706878662,3.968177665154512,182
oneshot,chatgpt,202201,oneshot/chatgpt/202201.txt,0,0,2,0,0,6,8,../generate_summray/oneshot/chatgpt/202201.txt,/home/david/Workspace/research/manuscripts/original_summary/summary_202201.txt,0.2631461476388764,0.4138838109992254,0.7850467240248058,0.8562052845954895,0.8954818248748779,0.8754032254219055,4.089167018,112
oneshot,llama,202201,oneshot/llama/202201.txt,0,0,3,1,3,12,19,../generate_summray/oneshot/llama/202201.txt,/home/david/Workspace/research/manuscripts/original_summary/summary_202201.txt,0.4597694340376462,0.3750502657776469,0.8041237063407376,0.8707752227783203,0.892575741,0.8815407156944275,4.283835085442988,38
oneshot,qwen,202201,oneshot/qwen/202201.txt,0,0,2,1,1,10,14,../generate_summray/oneshot/qwen/202201.txt,/home/david/Workspace/research/manuscripts/original_summary/summary_202201.txt,0.400769723897354,0.3385120098722596,0.6739130384877127,0.8481403589248657,0.8736642599105835,0.8607131242752075,3.995712515367983,167
zeroshot,chatgpt,202201,zeroshot/chatgpt/202201.txt,0,0,2,0,0,7,9,../generate_summray/zeroshot/chatgpt/202201.txt,/home/david/Workspace/research/manuscripts/original_summary/summary_202201.txt,0.4128881612103629,0.3638011294433577,0.680412366,0.8595337867736816,0.8914122581481934,0.8751828074455261,4.0832305091556735,118
zeroshot,llama,202201,zeroshot/llama/202201.txt,0,0,3,2,3,14,22,../generate_summray/zeroshot/llama/202201.txt,/home/david/Workspace/research/manuscripts/original_summary/summary_202201.txt,0.4303300317469961,0.3252971079603898,0.7789473634216068,0.8616422414779663,0.8673776388168335,0.8645004630088806,4.128094846432673,95
zeroshot,qwen,202201,zeroshot/qwen/202201.txt,0,0,3,1,2,10,16,../generate_summray/zeroshot/qwen/202201.txt,/home/david/Workspace/research/manuscripts/original_summary/summary_202201.txt,0.5341746884187972,0.2693869746534721,0.7391304297920607,0.8631558418273926,0.8752182722091675,0.8691452145576477,4.150211421458538,83
